file_id,path,segment_index,start_sec,end_sec,true_label,pred_label,fake_probability
LA_D_7579833,Datasetasv19\LA\LA\ASVspoof2019_LA_dev\flac\LA_D_7579833.flac,0,0.0,2.0,1,1,0.4436074197292328
LA_D_7579833,Datasetasv19\LA\LA\ASVspoof2019_LA_dev\flac\LA_D_7579833.flac,1,2.0,4.0,1,1,0.5791928768157959
LA_D_7579833,Datasetasv19\LA\LA\ASVspoof2019_LA_dev\flac\LA_D_7579833.flac,2,4.0,6.0,1,1,0.5601169466972351
LA_D_7579833,Datasetasv19\LA\LA\ASVspoof2019_LA_dev\flac\LA_D_7579833.flac,3,6.0,8.0,1,1,0.6450095176696777
LA_D_7579833,Datasetasv19\LA\LA\ASVspoof2019_LA_dev\flac\LA_D_7579833.flac,4,8.0,10.0,1,1,0.6819361448287964
LA_D_7579833,Datasetasv19\LA\LA\ASVspoof2019_LA_dev\flac\LA_D_7579833.flac,5,10.0,12.0,1,1,0.754560649394989
LA_D_7579833,Datasetasv19\LA\LA\ASVspoof2019_LA_dev\flac\LA_D_7579833.flac,6,12.0,14.0,1,1,0.7292983531951904
LA_D_7579833,Datasetasv19\LA\LA\ASVspoof2019_LA_dev\flac\LA_D_7579833.flac,7,14.0,16.0,1,1,0.6724598407745361
LA_D_9577784,Datasetasv19\LA\LA\ASVspoof2019_LA_dev\flac\LA_D_9577784.flac,0,0.0,2.0,1,1,0.9977632761001587
LA_D_9577784,Datasetasv19\LA\LA\ASVspoof2019_LA_dev\flac\LA_D_9577784.flac,1,2.0,4.0,1,1,0.9968183040618896
LA_D_9577784,Datasetasv19\LA\LA\ASVspoof2019_LA_dev\flac\LA_D_9577784.flac,2,4.0,6.0,1,1,0.9975729584693909
LA_D_9577784,Datasetasv19\LA\LA\ASVspoof2019_LA_dev\flac\LA_D_9577784.flac,3,6.0,8.0,1,1,0.9995816349983215
LA_D_9577784,Datasetasv19\LA\LA\ASVspoof2019_LA_dev\flac\LA_D_9577784.flac,4,8.0,10.0,1,1,0.9997822642326355
LA_D_9577784,Datasetasv19\LA\LA\ASVspoof2019_LA_dev\flac\LA_D_9577784.flac,5,10.0,12.0,1,1,0.9991852641105652
LA_D_9577784,Datasetasv19\LA\LA\ASVspoof2019_LA_dev\flac\LA_D_9577784.flac,6,12.0,14.0,1,1,0.9995278120040894
LA_D_9577784,Datasetasv19\LA\LA\ASVspoof2019_LA_dev\flac\LA_D_9577784.flac,7,14.0,16.0,1,1,0.9992702603340149
LA_D_9101643,Datasetasv19\LA\LA\ASVspoof2019_LA_dev\flac\LA_D_9101643.flac,0,0.0,2.0,1,1,0.5006583333015442
LA_D_9101643,Datasetasv19\LA\LA\ASVspoof2019_LA_dev\flac\LA_D_9101643.flac,1,2.0,4.0,1,1,0.458053857088089
LA_D_9101643,Datasetasv19\LA\LA\ASVspoof2019_LA_dev\flac\LA_D_9101643.flac,2,4.0,6.0,1,1,0.49513357877731323
LA_D_9101643,Datasetasv19\LA\LA\ASVspoof2019_LA_dev\flac\LA_D_9101643.flac,3,6.0,8.0,1,1,0.3766510784626007
LA_D_9101643,Datasetasv19\LA\LA\ASVspoof2019_LA_dev\flac\LA_D_9101643.flac,4,8.0,10.0,1,1,0.3825431168079376
LA_D_9101643,Datasetasv19\LA\LA\ASVspoof2019_LA_dev\flac\LA_D_9101643.flac,5,10.0,12.0,1,1,0.4136107861995697
LA_D_9101643,Datasetasv19\LA\LA\ASVspoof2019_LA_dev\flac\LA_D_9101643.flac,6,12.0,14.0,1,1,0.4238588511943817
LA_D_9101643,Datasetasv19\LA\LA\ASVspoof2019_LA_dev\flac\LA_D_9101643.flac,7,14.0,16.0,1,1,0.347657173871994
LA_D_2169713,Datasetasv19\LA\LA\ASVspoof2019_LA_dev\flac\LA_D_2169713.flac,0,0.0,2.0,1,1,0.7138090133666992
LA_D_2169713,Datasetasv19\LA\LA\ASVspoof2019_LA_dev\flac\LA_D_2169713.flac,1,2.0,4.0,1,1,0.6235854029655457
LA_D_2169713,Datasetasv19\LA\LA\ASVspoof2019_LA_dev\flac\LA_D_2169713.flac,2,4.0,6.0,1,1,0.641811728477478
LA_D_2169713,Datasetasv19\LA\LA\ASVspoof2019_LA_dev\flac\LA_D_2169713.flac,3,6.0,8.0,1,1,0.7884923219680786
LA_D_2169713,Datasetasv19\LA\LA\ASVspoof2019_LA_dev\flac\LA_D_2169713.flac,4,8.0,10.0,1,1,0.8156386613845825
LA_D_2169713,Datasetasv19\LA\LA\ASVspoof2019_LA_dev\flac\LA_D_2169713.flac,5,10.0,12.0,1,1,0.7152993083000183
LA_D_2169713,Datasetasv19\LA\LA\ASVspoof2019_LA_dev\flac\LA_D_2169713.flac,6,12.0,14.0,1,1,0.5972809791564941
LA_D_2169713,Datasetasv19\LA\LA\ASVspoof2019_LA_dev\flac\LA_D_2169713.flac,7,14.0,16.0,1,1,0.6205406188964844
LA_D_4985835,Datasetasv19\LA\LA\ASVspoof2019_LA_dev\flac\LA_D_4985835.flac,0,0.0,2.0,1,1,0.6391609311103821
LA_D_4985835,Datasetasv19\LA\LA\ASVspoof2019_LA_dev\flac\LA_D_4985835.flac,1,2.0,4.0,1,1,0.7297862768173218
LA_D_4985835,Datasetasv19\LA\LA\ASVspoof2019_LA_dev\flac\LA_D_4985835.flac,2,4.0,6.0,1,1,0.7038043737411499
LA_D_4985835,Datasetasv19\LA\LA\ASVspoof2019_LA_dev\flac\LA_D_4985835.flac,3,6.0,8.0,1,1,0.7111395597457886
LA_D_4985835,Datasetasv19\LA\LA\ASVspoof2019_LA_dev\flac\LA_D_4985835.flac,4,8.0,10.0,1,1,0.6721106767654419
LA_D_4985835,Datasetasv19\LA\LA\ASVspoof2019_LA_dev\flac\LA_D_4985835.flac,5,10.0,12.0,1,1,0.7866578698158264
LA_D_4985835,Datasetasv19\LA\LA\ASVspoof2019_LA_dev\flac\LA_D_4985835.flac,6,12.0,14.0,1,1,0.6756895184516907
LA_D_4985835,Datasetasv19\LA\LA\ASVspoof2019_LA_dev\flac\LA_D_4985835.flac,7,14.0,16.0,1,1,0.6826308369636536
LA_D_1778690,Datasetasv19\LA\LA\ASVspoof2019_LA_dev\flac\LA_D_1778690.flac,0,0.0,2.0,1,1,0.98843914270401
LA_D_1778690,Datasetasv19\LA\LA\ASVspoof2019_LA_dev\flac\LA_D_1778690.flac,1,2.0,4.0,1,1,0.9893950819969177
LA_D_1778690,Datasetasv19\LA\LA\ASVspoof2019_LA_dev\flac\LA_D_1778690.flac,2,4.0,6.0,1,1,0.9821521639823914
LA_D_1778690,Datasetasv19\LA\LA\ASVspoof2019_LA_dev\flac\LA_D_1778690.flac,3,6.0,8.0,1,1,0.9899506568908691
LA_D_1778690,Datasetasv19\LA\LA\ASVspoof2019_LA_dev\flac\LA_D_1778690.flac,4,8.0,10.0,1,1,0.9947050213813782
LA_D_1778690,Datasetasv19\LA\LA\ASVspoof2019_LA_dev\flac\LA_D_1778690.flac,5,10.0,12.0,1,1,0.9975088834762573
LA_D_1778690,Datasetasv19\LA\LA\ASVspoof2019_LA_dev\flac\LA_D_1778690.flac,6,12.0,14.0,1,1,0.999117910861969
LA_D_1778690,Datasetasv19\LA\LA\ASVspoof2019_LA_dev\flac\LA_D_1778690.flac,7,14.0,16.0,1,1,0.9981558918952942
LA_D_9255229,Datasetasv19\LA\LA\ASVspoof2019_LA_dev\flac\LA_D_9255229.flac,0,0.0,2.0,1,1,0.560592532157898
LA_D_9255229,Datasetasv19\LA\LA\ASVspoof2019_LA_dev\flac\LA_D_9255229.flac,1,2.0,4.0,1,1,0.7222744226455688
LA_D_9255229,Datasetasv19\LA\LA\ASVspoof2019_LA_dev\flac\LA_D_9255229.flac,2,4.0,6.0,1,1,0.7558680176734924
LA_D_9255229,Datasetasv19\LA\LA\ASVspoof2019_LA_dev\flac\LA_D_9255229.flac,3,6.0,8.0,1,1,0.9071516990661621
LA_D_9255229,Datasetasv19\LA\LA\ASVspoof2019_LA_dev\flac\LA_D_9255229.flac,4,8.0,10.0,1,1,0.9050205945968628
LA_D_9255229,Datasetasv19\LA\LA\ASVspoof2019_LA_dev\flac\LA_D_9255229.flac,5,10.0,12.0,1,1,0.8704908490180969
LA_D_9255229,Datasetasv19\LA\LA\ASVspoof2019_LA_dev\flac\LA_D_9255229.flac,6,12.0,14.0,1,1,0.6876338720321655
LA_D_9255229,Datasetasv19\LA\LA\ASVspoof2019_LA_dev\flac\LA_D_9255229.flac,7,14.0,16.0,1,1,0.733450710773468
LA_D_1733932,Datasetasv19\LA\LA\ASVspoof2019_LA_dev\flac\LA_D_1733932.flac,0,0.0,2.0,1,1,0.7953291535377502
LA_D_1733932,Datasetasv19\LA\LA\ASVspoof2019_LA_dev\flac\LA_D_1733932.flac,1,2.0,4.0,1,1,0.9929827451705933
LA_D_1733932,Datasetasv19\LA\LA\ASVspoof2019_LA_dev\flac\LA_D_1733932.flac,2,4.0,6.0,1,1,0.9921486377716064
LA_D_1733932,Datasetasv19\LA\LA\ASVspoof2019_LA_dev\flac\LA_D_1733932.flac,3,6.0,8.0,1,1,0.9931815266609192
LA_D_1733932,Datasetasv19\LA\LA\ASVspoof2019_LA_dev\flac\LA_D_1733932.flac,4,8.0,10.0,1,1,0.9865978956222534
LA_D_1733932,Datasetasv19\LA\LA\ASVspoof2019_LA_dev\flac\LA_D_1733932.flac,5,10.0,12.0,1,1,0.9673829674720764
LA_D_1733932,Datasetasv19\LA\LA\ASVspoof2019_LA_dev\flac\LA_D_1733932.flac,6,12.0,14.0,1,1,0.9435788989067078
LA_D_1733932,Datasetasv19\LA\LA\ASVspoof2019_LA_dev\flac\LA_D_1733932.flac,7,14.0,16.0,1,1,0.32912003993988037
LA_D_5957373,Datasetasv19\LA\LA\ASVspoof2019_LA_dev\flac\LA_D_5957373.flac,0,0.0,2.0,1,1,0.9869130849838257
LA_D_5957373,Datasetasv19\LA\LA\ASVspoof2019_LA_dev\flac\LA_D_5957373.flac,1,2.0,4.0,1,1,0.9869130849838257
LA_D_5957373,Datasetasv19\LA\LA\ASVspoof2019_LA_dev\flac\LA_D_5957373.flac,2,4.0,6.0,1,1,0.9869130849838257
LA_D_5957373,Datasetasv19\LA\LA\ASVspoof2019_LA_dev\flac\LA_D_5957373.flac,3,6.0,8.0,1,1,0.9869130849838257
LA_D_5957373,Datasetasv19\LA\LA\ASVspoof2019_LA_dev\flac\LA_D_5957373.flac,4,8.0,10.0,1,1,0.9869130849838257
LA_D_5957373,Datasetasv19\LA\LA\ASVspoof2019_LA_dev\flac\LA_D_5957373.flac,5,10.0,12.0,1,1,0.9869130849838257
LA_D_5957373,Datasetasv19\LA\LA\ASVspoof2019_LA_dev\flac\LA_D_5957373.flac,6,12.0,14.0,1,1,0.9869130849838257
LA_D_5957373,Datasetasv19\LA\LA\ASVspoof2019_LA_dev\flac\LA_D_5957373.flac,7,14.0,16.0,1,1,0.9869130849838257
LA_D_2346599,Datasetasv19\LA\LA\ASVspoof2019_LA_dev\flac\LA_D_2346599.flac,0,0.0,2.0,1,1,0.9662730693817139
LA_D_2346599,Datasetasv19\LA\LA\ASVspoof2019_LA_dev\flac\LA_D_2346599.flac,1,2.0,4.0,1,1,0.9662730693817139
LA_D_2346599,Datasetasv19\LA\LA\ASVspoof2019_LA_dev\flac\LA_D_2346599.flac,2,4.0,6.0,1,1,0.9662730693817139
LA_D_2346599,Datasetasv19\LA\LA\ASVspoof2019_LA_dev\flac\LA_D_2346599.flac,3,6.0,8.0,1,1,0.9662730693817139
LA_D_2346599,Datasetasv19\LA\LA\ASVspoof2019_LA_dev\flac\LA_D_2346599.flac,4,8.0,10.0,1,1,0.9662730693817139
LA_D_2346599,Datasetasv19\LA\LA\ASVspoof2019_LA_dev\flac\LA_D_2346599.flac,5,10.0,12.0,1,1,0.9662730693817139
LA_D_2346599,Datasetasv19\LA\LA\ASVspoof2019_LA_dev\flac\LA_D_2346599.flac,6,12.0,14.0,1,1,0.9662730693817139
LA_D_2346599,Datasetasv19\LA\LA\ASVspoof2019_LA_dev\flac\LA_D_2346599.flac,7,14.0,16.0,1,1,0.9662730693817139
LA_D_6553349,Datasetasv19\LA\LA\ASVspoof2019_LA_dev\flac\LA_D_6553349.flac,0,0.0,2.0,1,1,0.2714378833770752
LA_D_6553349,Datasetasv19\LA\LA\ASVspoof2019_LA_dev\flac\LA_D_6553349.flac,1,2.0,4.0,1,1,0.5545750260353088
LA_D_6553349,Datasetasv19\LA\LA\ASVspoof2019_LA_dev\flac\LA_D_6553349.flac,2,4.0,6.0,1,1,0.49085620045661926
LA_D_6553349,Datasetasv19\LA\LA\ASVspoof2019_LA_dev\flac\LA_D_6553349.flac,3,6.0,8.0,1,1,0.5575045943260193
LA_D_6553349,Datasetasv19\LA\LA\ASVspoof2019_LA_dev\flac\LA_D_6553349.flac,4,8.0,10.0,1,1,0.44308391213417053
LA_D_6553349,Datasetasv19\LA\LA\ASVspoof2019_LA_dev\flac\LA_D_6553349.flac,5,10.0,12.0,1,1,0.4748018980026245
LA_D_6553349,Datasetasv19\LA\LA\ASVspoof2019_LA_dev\flac\LA_D_6553349.flac,6,12.0,14.0,1,1,0.34573328495025635
LA_D_6553349,Datasetasv19\LA\LA\ASVspoof2019_LA_dev\flac\LA_D_6553349.flac,7,14.0,16.0,1,1,0.3288504183292389
LA_D_1757304,Datasetasv19\LA\LA\ASVspoof2019_LA_dev\flac\LA_D_1757304.flac,0,0.0,2.0,1,0,0.11344116181135178
LA_D_1757304,Datasetasv19\LA\LA\ASVspoof2019_LA_dev\flac\LA_D_1757304.flac,1,2.0,4.0,1,0,0.2163446992635727
LA_D_1757304,Datasetasv19\LA\LA\ASVspoof2019_LA_dev\flac\LA_D_1757304.flac,2,4.0,6.0,1,1,0.2987017035484314
LA_D_1757304,Datasetasv19\LA\LA\ASVspoof2019_LA_dev\flac\LA_D_1757304.flac,3,6.0,8.0,1,1,0.9107586145401001
LA_D_1757304,Datasetasv19\LA\LA\ASVspoof2019_LA_dev\flac\LA_D_1757304.flac,4,8.0,10.0,1,1,0.9462352991104126
LA_D_1757304,Datasetasv19\LA\LA\ASVspoof2019_LA_dev\flac\LA_D_1757304.flac,5,10.0,12.0,1,1,0.935200572013855
LA_D_1757304,Datasetasv19\LA\LA\ASVspoof2019_LA_dev\flac\LA_D_1757304.flac,6,12.0,14.0,1,1,0.953536868095398
LA_D_1757304,Datasetasv19\LA\LA\ASVspoof2019_LA_dev\flac\LA_D_1757304.flac,7,14.0,16.0,1,1,0.934282124042511
LA_D_5134762,Datasetasv19\LA\LA\ASVspoof2019_LA_dev\flac\LA_D_5134762.flac,0,0.0,2.0,1,1,0.9564457535743713
LA_D_5134762,Datasetasv19\LA\LA\ASVspoof2019_LA_dev\flac\LA_D_5134762.flac,1,2.0,4.0,1,1,0.9698144793510437
LA_D_5134762,Datasetasv19\LA\LA\ASVspoof2019_LA_dev\flac\LA_D_5134762.flac,2,4.0,6.0,1,1,0.9710035920143127
LA_D_5134762,Datasetasv19\LA\LA\ASVspoof2019_LA_dev\flac\LA_D_5134762.flac,3,6.0,8.0,1,1,0.9518153071403503
LA_D_5134762,Datasetasv19\LA\LA\ASVspoof2019_LA_dev\flac\LA_D_5134762.flac,4,8.0,10.0,1,1,0.9407539367675781
LA_D_5134762,Datasetasv19\LA\LA\ASVspoof2019_LA_dev\flac\LA_D_5134762.flac,5,10.0,12.0,1,1,0.9373394846916199
LA_D_5134762,Datasetasv19\LA\LA\ASVspoof2019_LA_dev\flac\LA_D_5134762.flac,6,12.0,14.0,1,1,0.9458343982696533
LA_D_5134762,Datasetasv19\LA\LA\ASVspoof2019_LA_dev\flac\LA_D_5134762.flac,7,14.0,16.0,1,1,0.9401734471321106
LA_D_3866706,Datasetasv19\LA\LA\ASVspoof2019_LA_dev\flac\LA_D_3866706.flac,0,0.0,2.0,1,1,0.9956355690956116
LA_D_3866706,Datasetasv19\LA\LA\ASVspoof2019_LA_dev\flac\LA_D_3866706.flac,1,2.0,4.0,1,1,0.9954397082328796
LA_D_3866706,Datasetasv19\LA\LA\ASVspoof2019_LA_dev\flac\LA_D_3866706.flac,2,4.0,6.0,1,1,0.9966887831687927
LA_D_3866706,Datasetasv19\LA\LA\ASVspoof2019_LA_dev\flac\LA_D_3866706.flac,3,6.0,8.0,1,1,0.9979732632637024
LA_D_3866706,Datasetasv19\LA\LA\ASVspoof2019_LA_dev\flac\LA_D_3866706.flac,4,8.0,10.0,1,1,0.9966411590576172
LA_D_3866706,Datasetasv19\LA\LA\ASVspoof2019_LA_dev\flac\LA_D_3866706.flac,5,10.0,12.0,1,1,0.9980720281600952
LA_D_3866706,Datasetasv19\LA\LA\ASVspoof2019_LA_dev\flac\LA_D_3866706.flac,6,12.0,14.0,1,1,0.9989515542984009
LA_D_3866706,Datasetasv19\LA\LA\ASVspoof2019_LA_dev\flac\LA_D_3866706.flac,7,14.0,16.0,1,1,0.9992576241493225
LA_D_4896414,Datasetasv19\LA\LA\ASVspoof2019_LA_dev\flac\LA_D_4896414.flac,0,0.0,2.0,1,0,0.05614125356078148
LA_D_4896414,Datasetasv19\LA\LA\ASVspoof2019_LA_dev\flac\LA_D_4896414.flac,1,2.0,4.0,1,0,0.11878550797700882
LA_D_4896414,Datasetasv19\LA\LA\ASVspoof2019_LA_dev\flac\LA_D_4896414.flac,2,4.0,6.0,1,1,0.9006592631340027
LA_D_4896414,Datasetasv19\LA\LA\ASVspoof2019_LA_dev\flac\LA_D_4896414.flac,3,6.0,8.0,1,1,0.9641393423080444
LA_D_4896414,Datasetasv19\LA\LA\ASVspoof2019_LA_dev\flac\LA_D_4896414.flac,4,8.0,10.0,1,1,0.9948559999465942
LA_D_4896414,Datasetasv19\LA\LA\ASVspoof2019_LA_dev\flac\LA_D_4896414.flac,5,10.0,12.0,1,1,0.9944901466369629
LA_D_4896414,Datasetasv19\LA\LA\ASVspoof2019_LA_dev\flac\LA_D_4896414.flac,6,12.0,14.0,1,1,0.9989945292472839
LA_D_4896414,Datasetasv19\LA\LA\ASVspoof2019_LA_dev\flac\LA_D_4896414.flac,7,14.0,16.0,1,1,0.9159144759178162
LA_D_2134167,Datasetasv19\LA\LA\ASVspoof2019_LA_dev\flac\LA_D_2134167.flac,0,0.0,2.0,1,0,0.22132882475852966
LA_D_2134167,Datasetasv19\LA\LA\ASVspoof2019_LA_dev\flac\LA_D_2134167.flac,1,2.0,4.0,1,1,0.526624321937561
LA_D_2134167,Datasetasv19\LA\LA\ASVspoof2019_LA_dev\flac\LA_D_2134167.flac,2,4.0,6.0,1,1,0.758838415145874
LA_D_2134167,Datasetasv19\LA\LA\ASVspoof2019_LA_dev\flac\LA_D_2134167.flac,3,6.0,8.0,1,1,0.8594909310340881
LA_D_2134167,Datasetasv19\LA\LA\ASVspoof2019_LA_dev\flac\LA_D_2134167.flac,4,8.0,10.0,1,1,0.8510280251502991
LA_D_2134167,Datasetasv19\LA\LA\ASVspoof2019_LA_dev\flac\LA_D_2134167.flac,5,10.0,12.0,1,1,0.8173701763153076
LA_D_2134167,Datasetasv19\LA\LA\ASVspoof2019_LA_dev\flac\LA_D_2134167.flac,6,12.0,14.0,1,1,0.6186227202415466
LA_D_2134167,Datasetasv19\LA\LA\ASVspoof2019_LA_dev\flac\LA_D_2134167.flac,7,14.0,16.0,1,1,0.3910878300666809
LA_D_3911980,Datasetasv19\LA\LA\ASVspoof2019_LA_dev\flac\LA_D_3911980.flac,0,0.0,2.0,1,1,0.9779374003410339
LA_D_3911980,Datasetasv19\LA\LA\ASVspoof2019_LA_dev\flac\LA_D_3911980.flac,1,2.0,4.0,1,1,0.9779374003410339
LA_D_3911980,Datasetasv19\LA\LA\ASVspoof2019_LA_dev\flac\LA_D_3911980.flac,2,4.0,6.0,1,1,0.9779374003410339
LA_D_3911980,Datasetasv19\LA\LA\ASVspoof2019_LA_dev\flac\LA_D_3911980.flac,3,6.0,8.0,1,1,0.9779374003410339
LA_D_3911980,Datasetasv19\LA\LA\ASVspoof2019_LA_dev\flac\LA_D_3911980.flac,4,8.0,10.0,1,1,0.9779374003410339
LA_D_3911980,Datasetasv19\LA\LA\ASVspoof2019_LA_dev\flac\LA_D_3911980.flac,5,10.0,12.0,1,1,0.9779374003410339
LA_D_3911980,Datasetasv19\LA\LA\ASVspoof2019_LA_dev\flac\LA_D_3911980.flac,6,12.0,14.0,1,1,0.9779374003410339
LA_D_3911980,Datasetasv19\LA\LA\ASVspoof2019_LA_dev\flac\LA_D_3911980.flac,7,14.0,16.0,1,1,0.9779374003410339
LA_D_5899353,Datasetasv19\LA\LA\ASVspoof2019_LA_dev\flac\LA_D_5899353.flac,0,0.0,2.0,1,1,0.955120325088501
LA_D_5899353,Datasetasv19\LA\LA\ASVspoof2019_LA_dev\flac\LA_D_5899353.flac,1,2.0,4.0,1,1,0.9327189922332764
LA_D_5899353,Datasetasv19\LA\LA\ASVspoof2019_LA_dev\flac\LA_D_5899353.flac,2,4.0,6.0,1,1,0.9705491662025452
LA_D_5899353,Datasetasv19\LA\LA\ASVspoof2019_LA_dev\flac\LA_D_5899353.flac,3,6.0,8.0,1,1,0.952023983001709
LA_D_5899353,Datasetasv19\LA\LA\ASVspoof2019_LA_dev\flac\LA_D_5899353.flac,4,8.0,10.0,1,1,0.9436442852020264
LA_D_5899353,Datasetasv19\LA\LA\ASVspoof2019_LA_dev\flac\LA_D_5899353.flac,5,10.0,12.0,1,1,0.5511633157730103
LA_D_5899353,Datasetasv19\LA\LA\ASVspoof2019_LA_dev\flac\LA_D_5899353.flac,6,12.0,14.0,1,1,0.7574112415313721
LA_D_5899353,Datasetasv19\LA\LA\ASVspoof2019_LA_dev\flac\LA_D_5899353.flac,7,14.0,16.0,1,1,0.8920842409133911
LA_D_1273074,Datasetasv19\LA\LA\ASVspoof2019_LA_dev\flac\LA_D_1273074.flac,0,0.0,2.0,1,1,0.8064150810241699
LA_D_1273074,Datasetasv19\LA\LA\ASVspoof2019_LA_dev\flac\LA_D_1273074.flac,1,2.0,4.0,1,1,0.8762776851654053
LA_D_1273074,Datasetasv19\LA\LA\ASVspoof2019_LA_dev\flac\LA_D_1273074.flac,2,4.0,6.0,1,1,0.9216512441635132
LA_D_1273074,Datasetasv19\LA\LA\ASVspoof2019_LA_dev\flac\LA_D_1273074.flac,3,6.0,8.0,1,1,0.9873544573783875
LA_D_1273074,Datasetasv19\LA\LA\ASVspoof2019_LA_dev\flac\LA_D_1273074.flac,4,8.0,10.0,1,1,0.9969640374183655
LA_D_1273074,Datasetasv19\LA\LA\ASVspoof2019_LA_dev\flac\LA_D_1273074.flac,5,10.0,12.0,1,1,0.998531699180603
LA_D_1273074,Datasetasv19\LA\LA\ASVspoof2019_LA_dev\flac\LA_D_1273074.flac,6,12.0,14.0,1,1,0.9956645369529724
LA_D_1273074,Datasetasv19\LA\LA\ASVspoof2019_LA_dev\flac\LA_D_1273074.flac,7,14.0,16.0,1,1,0.9826797246932983
LA_D_8891133,Datasetasv19\LA\LA\ASVspoof2019_LA_dev\flac\LA_D_8891133.flac,0,0.0,2.0,1,0,0.2093634009361267
LA_D_8891133,Datasetasv19\LA\LA\ASVspoof2019_LA_dev\flac\LA_D_8891133.flac,1,2.0,4.0,1,1,0.4768538475036621
LA_D_8891133,Datasetasv19\LA\LA\ASVspoof2019_LA_dev\flac\LA_D_8891133.flac,2,4.0,6.0,1,1,0.699696958065033
LA_D_8891133,Datasetasv19\LA\LA\ASVspoof2019_LA_dev\flac\LA_D_8891133.flac,3,6.0,8.0,1,1,0.6868409514427185
LA_D_8891133,Datasetasv19\LA\LA\ASVspoof2019_LA_dev\flac\LA_D_8891133.flac,4,8.0,10.0,1,1,0.7585745453834534
LA_D_8891133,Datasetasv19\LA\LA\ASVspoof2019_LA_dev\flac\LA_D_8891133.flac,5,10.0,12.0,1,1,0.732134997844696
LA_D_8891133,Datasetasv19\LA\LA\ASVspoof2019_LA_dev\flac\LA_D_8891133.flac,6,12.0,14.0,1,1,0.7016831636428833
LA_D_8891133,Datasetasv19\LA\LA\ASVspoof2019_LA_dev\flac\LA_D_8891133.flac,7,14.0,16.0,1,1,0.4644315540790558
LA_D_2455027,Datasetasv19\LA\LA\ASVspoof2019_LA_dev\flac\LA_D_2455027.flac,0,0.0,2.0,0,0,0.1128188818693161
LA_D_2455027,Datasetasv19\LA\LA\ASVspoof2019_LA_dev\flac\LA_D_2455027.flac,1,2.0,4.0,0,0,0.04899626970291138
LA_D_2455027,Datasetasv19\LA\LA\ASVspoof2019_LA_dev\flac\LA_D_2455027.flac,2,4.0,6.0,0,0,0.03398850932717323
LA_D_2455027,Datasetasv19\LA\LA\ASVspoof2019_LA_dev\flac\LA_D_2455027.flac,3,6.0,8.0,0,0,0.06175436079502106
LA_D_2455027,Datasetasv19\LA\LA\ASVspoof2019_LA_dev\flac\LA_D_2455027.flac,4,8.0,10.0,0,0,0.07412227988243103
LA_D_2455027,Datasetasv19\LA\LA\ASVspoof2019_LA_dev\flac\LA_D_2455027.flac,5,10.0,12.0,0,0,0.07210654020309448
LA_D_2455027,Datasetasv19\LA\LA\ASVspoof2019_LA_dev\flac\LA_D_2455027.flac,6,12.0,14.0,0,0,0.04481898620724678
LA_D_2455027,Datasetasv19\LA\LA\ASVspoof2019_LA_dev\flac\LA_D_2455027.flac,7,14.0,16.0,0,0,0.024571269750595093
LA_D_6813990,Datasetasv19\LA\LA\ASVspoof2019_LA_dev\flac\LA_D_6813990.flac,0,0.0,2.0,1,1,0.9597859382629395
LA_D_6813990,Datasetasv19\LA\LA\ASVspoof2019_LA_dev\flac\LA_D_6813990.flac,1,2.0,4.0,1,1,0.9597859382629395
LA_D_6813990,Datasetasv19\LA\LA\ASVspoof2019_LA_dev\flac\LA_D_6813990.flac,2,4.0,6.0,1,1,0.9597859382629395
LA_D_6813990,Datasetasv19\LA\LA\ASVspoof2019_LA_dev\flac\LA_D_6813990.flac,3,6.0,8.0,1,1,0.9597859382629395
LA_D_6813990,Datasetasv19\LA\LA\ASVspoof2019_LA_dev\flac\LA_D_6813990.flac,4,8.0,10.0,1,1,0.9597859382629395
LA_D_6813990,Datasetasv19\LA\LA\ASVspoof2019_LA_dev\flac\LA_D_6813990.flac,5,10.0,12.0,1,1,0.9597859382629395
LA_D_6813990,Datasetasv19\LA\LA\ASVspoof2019_LA_dev\flac\LA_D_6813990.flac,6,12.0,14.0,1,1,0.9597859382629395
LA_D_6813990,Datasetasv19\LA\LA\ASVspoof2019_LA_dev\flac\LA_D_6813990.flac,7,14.0,16.0,1,1,0.9597859382629395
LA_D_4694886,Datasetasv19\LA\LA\ASVspoof2019_LA_dev\flac\LA_D_4694886.flac,0,0.0,2.0,1,1,0.6046772003173828
LA_D_4694886,Datasetasv19\LA\LA\ASVspoof2019_LA_dev\flac\LA_D_4694886.flac,1,2.0,4.0,1,1,0.7028116583824158
LA_D_4694886,Datasetasv19\LA\LA\ASVspoof2019_LA_dev\flac\LA_D_4694886.flac,2,4.0,6.0,1,1,0.8910378217697144
LA_D_4694886,Datasetasv19\LA\LA\ASVspoof2019_LA_dev\flac\LA_D_4694886.flac,3,6.0,8.0,1,1,0.9430394768714905
LA_D_4694886,Datasetasv19\LA\LA\ASVspoof2019_LA_dev\flac\LA_D_4694886.flac,4,8.0,10.0,1,1,0.9652734994888306
LA_D_4694886,Datasetasv19\LA\LA\ASVspoof2019_LA_dev\flac\LA_D_4694886.flac,5,10.0,12.0,1,1,0.9916418790817261
LA_D_4694886,Datasetasv19\LA\LA\ASVspoof2019_LA_dev\flac\LA_D_4694886.flac,6,12.0,14.0,1,1,0.9925187826156616
LA_D_4694886,Datasetasv19\LA\LA\ASVspoof2019_LA_dev\flac\LA_D_4694886.flac,7,14.0,16.0,1,1,0.9956293106079102
LA_D_8912964,Datasetasv19\LA\LA\ASVspoof2019_LA_dev\flac\LA_D_8912964.flac,0,0.0,2.0,1,1,0.47059890627861023
LA_D_8912964,Datasetasv19\LA\LA\ASVspoof2019_LA_dev\flac\LA_D_8912964.flac,1,2.0,4.0,1,1,0.4950142800807953
LA_D_8912964,Datasetasv19\LA\LA\ASVspoof2019_LA_dev\flac\LA_D_8912964.flac,2,4.0,6.0,1,1,0.5244807004928589
LA_D_8912964,Datasetasv19\LA\LA\ASVspoof2019_LA_dev\flac\LA_D_8912964.flac,3,6.0,8.0,1,1,0.5138018131256104
LA_D_8912964,Datasetasv19\LA\LA\ASVspoof2019_LA_dev\flac\LA_D_8912964.flac,4,8.0,10.0,1,1,0.413903146982193
LA_D_8912964,Datasetasv19\LA\LA\ASVspoof2019_LA_dev\flac\LA_D_8912964.flac,5,10.0,12.0,1,0,0.171780526638031
LA_D_8912964,Datasetasv19\LA\LA\ASVspoof2019_LA_dev\flac\LA_D_8912964.flac,6,12.0,14.0,1,1,0.2992851734161377
LA_D_8912964,Datasetasv19\LA\LA\ASVspoof2019_LA_dev\flac\LA_D_8912964.flac,7,14.0,16.0,1,0,0.2525229752063751
LA_D_2143569,Datasetasv19\LA\LA\ASVspoof2019_LA_dev\flac\LA_D_2143569.flac,0,0.0,2.0,1,1,0.9915327429771423
LA_D_2143569,Datasetasv19\LA\LA\ASVspoof2019_LA_dev\flac\LA_D_2143569.flac,1,2.0,4.0,1,1,0.9771574139595032
LA_D_2143569,Datasetasv19\LA\LA\ASVspoof2019_LA_dev\flac\LA_D_2143569.flac,2,4.0,6.0,1,1,0.9605026841163635
LA_D_2143569,Datasetasv19\LA\LA\ASVspoof2019_LA_dev\flac\LA_D_2143569.flac,3,6.0,8.0,1,1,0.9965799450874329
LA_D_2143569,Datasetasv19\LA\LA\ASVspoof2019_LA_dev\flac\LA_D_2143569.flac,4,8.0,10.0,1,1,0.9945430755615234
LA_D_2143569,Datasetasv19\LA\LA\ASVspoof2019_LA_dev\flac\LA_D_2143569.flac,5,10.0,12.0,1,1,0.9956609606742859
LA_D_2143569,Datasetasv19\LA\LA\ASVspoof2019_LA_dev\flac\LA_D_2143569.flac,6,12.0,14.0,1,1,0.9940823912620544
LA_D_2143569,Datasetasv19\LA\LA\ASVspoof2019_LA_dev\flac\LA_D_2143569.flac,7,14.0,16.0,1,1,0.994823694229126
LA_D_1028589,Datasetasv19\LA\LA\ASVspoof2019_LA_dev\flac\LA_D_1028589.flac,0,0.0,2.0,0,0,0.046987321227788925
LA_D_1028589,Datasetasv19\LA\LA\ASVspoof2019_LA_dev\flac\LA_D_1028589.flac,1,2.0,4.0,0,0,0.09941316395998001
LA_D_1028589,Datasetasv19\LA\LA\ASVspoof2019_LA_dev\flac\LA_D_1028589.flac,2,4.0,6.0,0,0,0.13988205790519714
LA_D_1028589,Datasetasv19\LA\LA\ASVspoof2019_LA_dev\flac\LA_D_1028589.flac,3,6.0,8.0,0,1,0.3640541434288025
LA_D_1028589,Datasetasv19\LA\LA\ASVspoof2019_LA_dev\flac\LA_D_1028589.flac,4,8.0,10.0,0,1,0.42047804594039917
LA_D_1028589,Datasetasv19\LA\LA\ASVspoof2019_LA_dev\flac\LA_D_1028589.flac,5,10.0,12.0,0,1,0.5089496970176697
LA_D_1028589,Datasetasv19\LA\LA\ASVspoof2019_LA_dev\flac\LA_D_1028589.flac,6,12.0,14.0,0,1,0.5182445645332336
LA_D_1028589,Datasetasv19\LA\LA\ASVspoof2019_LA_dev\flac\LA_D_1028589.flac,7,14.0,16.0,0,1,0.48464235663414
LA_D_1872889,Datasetasv19\LA\LA\ASVspoof2019_LA_dev\flac\LA_D_1872889.flac,0,0.0,2.0,1,1,0.6288363337516785
LA_D_1872889,Datasetasv19\LA\LA\ASVspoof2019_LA_dev\flac\LA_D_1872889.flac,1,2.0,4.0,1,1,0.6374338865280151
LA_D_1872889,Datasetasv19\LA\LA\ASVspoof2019_LA_dev\flac\LA_D_1872889.flac,2,4.0,6.0,1,1,0.4955742061138153
LA_D_1872889,Datasetasv19\LA\LA\ASVspoof2019_LA_dev\flac\LA_D_1872889.flac,3,6.0,8.0,1,1,0.5031195282936096
LA_D_1872889,Datasetasv19\LA\LA\ASVspoof2019_LA_dev\flac\LA_D_1872889.flac,4,8.0,10.0,1,1,0.5380356311798096
LA_D_1872889,Datasetasv19\LA\LA\ASVspoof2019_LA_dev\flac\LA_D_1872889.flac,5,10.0,12.0,1,1,0.2790175676345825
LA_D_1872889,Datasetasv19\LA\LA\ASVspoof2019_LA_dev\flac\LA_D_1872889.flac,6,12.0,14.0,1,1,0.2745399475097656
LA_D_1872889,Datasetasv19\LA\LA\ASVspoof2019_LA_dev\flac\LA_D_1872889.flac,7,14.0,16.0,1,1,0.5138108134269714
LA_D_9245802,Datasetasv19\LA\LA\ASVspoof2019_LA_dev\flac\LA_D_9245802.flac,0,0.0,2.0,1,1,0.8048579096794128
LA_D_9245802,Datasetasv19\LA\LA\ASVspoof2019_LA_dev\flac\LA_D_9245802.flac,1,2.0,4.0,1,1,0.9494284987449646
LA_D_9245802,Datasetasv19\LA\LA\ASVspoof2019_LA_dev\flac\LA_D_9245802.flac,2,4.0,6.0,1,1,0.9805712103843689
LA_D_9245802,Datasetasv19\LA\LA\ASVspoof2019_LA_dev\flac\LA_D_9245802.flac,3,6.0,8.0,1,1,0.992960512638092
LA_D_9245802,Datasetasv19\LA\LA\ASVspoof2019_LA_dev\flac\LA_D_9245802.flac,4,8.0,10.0,1,1,0.9913477301597595
LA_D_9245802,Datasetasv19\LA\LA\ASVspoof2019_LA_dev\flac\LA_D_9245802.flac,5,10.0,12.0,1,1,0.9808010458946228
LA_D_9245802,Datasetasv19\LA\LA\ASVspoof2019_LA_dev\flac\LA_D_9245802.flac,6,12.0,14.0,1,1,0.9589415788650513
LA_D_9245802,Datasetasv19\LA\LA\ASVspoof2019_LA_dev\flac\LA_D_9245802.flac,7,14.0,16.0,1,1,0.9498612880706787
LA_D_3653770,Datasetasv19\LA\LA\ASVspoof2019_LA_dev\flac\LA_D_3653770.flac,0,0.0,2.0,1,1,0.9212808012962341
LA_D_3653770,Datasetasv19\LA\LA\ASVspoof2019_LA_dev\flac\LA_D_3653770.flac,1,2.0,4.0,1,1,0.9638084173202515
LA_D_3653770,Datasetasv19\LA\LA\ASVspoof2019_LA_dev\flac\LA_D_3653770.flac,2,4.0,6.0,1,1,0.9407234787940979
LA_D_3653770,Datasetasv19\LA\LA\ASVspoof2019_LA_dev\flac\LA_D_3653770.flac,3,6.0,8.0,1,1,0.9892400503158569
LA_D_3653770,Datasetasv19\LA\LA\ASVspoof2019_LA_dev\flac\LA_D_3653770.flac,4,8.0,10.0,1,1,0.9864388704299927
LA_D_3653770,Datasetasv19\LA\LA\ASVspoof2019_LA_dev\flac\LA_D_3653770.flac,5,10.0,12.0,1,1,0.9713440537452698
LA_D_3653770,Datasetasv19\LA\LA\ASVspoof2019_LA_dev\flac\LA_D_3653770.flac,6,12.0,14.0,1,1,0.9617306590080261
LA_D_3653770,Datasetasv19\LA\LA\ASVspoof2019_LA_dev\flac\LA_D_3653770.flac,7,14.0,16.0,1,1,0.9237821698188782
LA_D_1264718,Datasetasv19\LA\LA\ASVspoof2019_LA_dev\flac\LA_D_1264718.flac,0,0.0,2.0,1,1,0.6054331660270691
LA_D_1264718,Datasetasv19\LA\LA\ASVspoof2019_LA_dev\flac\LA_D_1264718.flac,1,2.0,4.0,1,1,0.9943671822547913
LA_D_1264718,Datasetasv19\LA\LA\ASVspoof2019_LA_dev\flac\LA_D_1264718.flac,2,4.0,6.0,1,1,0.9979878664016724
LA_D_1264718,Datasetasv19\LA\LA\ASVspoof2019_LA_dev\flac\LA_D_1264718.flac,3,6.0,8.0,1,1,0.9955209493637085
LA_D_1264718,Datasetasv19\LA\LA\ASVspoof2019_LA_dev\flac\LA_D_1264718.flac,4,8.0,10.0,1,1,0.9972577691078186
LA_D_1264718,Datasetasv19\LA\LA\ASVspoof2019_LA_dev\flac\LA_D_1264718.flac,5,10.0,12.0,1,1,0.9977983832359314
LA_D_1264718,Datasetasv19\LA\LA\ASVspoof2019_LA_dev\flac\LA_D_1264718.flac,6,12.0,14.0,1,1,0.996044397354126
LA_D_1264718,Datasetasv19\LA\LA\ASVspoof2019_LA_dev\flac\LA_D_1264718.flac,7,14.0,16.0,1,1,0.9644878506660461
LA_D_6173156,Datasetasv19\LA\LA\ASVspoof2019_LA_dev\flac\LA_D_6173156.flac,0,0.0,2.0,1,1,0.5958043932914734
LA_D_6173156,Datasetasv19\LA\LA\ASVspoof2019_LA_dev\flac\LA_D_6173156.flac,1,2.0,4.0,1,1,0.5745509266853333
LA_D_6173156,Datasetasv19\LA\LA\ASVspoof2019_LA_dev\flac\LA_D_6173156.flac,2,4.0,6.0,1,1,0.7366530895233154
LA_D_6173156,Datasetasv19\LA\LA\ASVspoof2019_LA_dev\flac\LA_D_6173156.flac,3,6.0,8.0,1,1,0.6385772228240967
LA_D_6173156,Datasetasv19\LA\LA\ASVspoof2019_LA_dev\flac\LA_D_6173156.flac,4,8.0,10.0,1,1,0.5723057985305786
LA_D_6173156,Datasetasv19\LA\LA\ASVspoof2019_LA_dev\flac\LA_D_6173156.flac,5,10.0,12.0,1,1,0.594188928604126
LA_D_6173156,Datasetasv19\LA\LA\ASVspoof2019_LA_dev\flac\LA_D_6173156.flac,6,12.0,14.0,1,1,0.5316024422645569
LA_D_6173156,Datasetasv19\LA\LA\ASVspoof2019_LA_dev\flac\LA_D_6173156.flac,7,14.0,16.0,1,1,0.6075901985168457
LA_D_8289361,Datasetasv19\LA\LA\ASVspoof2019_LA_dev\flac\LA_D_8289361.flac,0,0.0,2.0,1,1,0.9973918199539185
LA_D_8289361,Datasetasv19\LA\LA\ASVspoof2019_LA_dev\flac\LA_D_8289361.flac,1,2.0,4.0,1,1,0.9973918199539185
LA_D_8289361,Datasetasv19\LA\LA\ASVspoof2019_LA_dev\flac\LA_D_8289361.flac,2,4.0,6.0,1,1,0.9973918199539185
LA_D_8289361,Datasetasv19\LA\LA\ASVspoof2019_LA_dev\flac\LA_D_8289361.flac,3,6.0,8.0,1,1,0.9973918199539185
LA_D_8289361,Datasetasv19\LA\LA\ASVspoof2019_LA_dev\flac\LA_D_8289361.flac,4,8.0,10.0,1,1,0.9973918199539185
LA_D_8289361,Datasetasv19\LA\LA\ASVspoof2019_LA_dev\flac\LA_D_8289361.flac,5,10.0,12.0,1,1,0.9973918199539185
LA_D_8289361,Datasetasv19\LA\LA\ASVspoof2019_LA_dev\flac\LA_D_8289361.flac,6,12.0,14.0,1,1,0.9973918199539185
LA_D_8289361,Datasetasv19\LA\LA\ASVspoof2019_LA_dev\flac\LA_D_8289361.flac,7,14.0,16.0,1,1,0.9973918199539185
LA_D_2890838,Datasetasv19\LA\LA\ASVspoof2019_LA_dev\flac\LA_D_2890838.flac,0,0.0,2.0,1,1,0.9181389808654785
LA_D_2890838,Datasetasv19\LA\LA\ASVspoof2019_LA_dev\flac\LA_D_2890838.flac,1,2.0,4.0,1,1,0.9376485347747803
LA_D_2890838,Datasetasv19\LA\LA\ASVspoof2019_LA_dev\flac\LA_D_2890838.flac,2,4.0,6.0,1,1,0.8129787445068359
LA_D_2890838,Datasetasv19\LA\LA\ASVspoof2019_LA_dev\flac\LA_D_2890838.flac,3,6.0,8.0,1,1,0.8310242295265198
LA_D_2890838,Datasetasv19\LA\LA\ASVspoof2019_LA_dev\flac\LA_D_2890838.flac,4,8.0,10.0,1,1,0.9329067468643188
LA_D_2890838,Datasetasv19\LA\LA\ASVspoof2019_LA_dev\flac\LA_D_2890838.flac,5,10.0,12.0,1,1,0.8190200328826904
LA_D_2890838,Datasetasv19\LA\LA\ASVspoof2019_LA_dev\flac\LA_D_2890838.flac,6,12.0,14.0,1,1,0.8500102162361145
LA_D_2890838,Datasetasv19\LA\LA\ASVspoof2019_LA_dev\flac\LA_D_2890838.flac,7,14.0,16.0,1,1,0.9419119954109192
LA_D_3244196,Datasetasv19\LA\LA\ASVspoof2019_LA_dev\flac\LA_D_3244196.flac,0,0.0,2.0,1,1,0.6645298004150391
LA_D_3244196,Datasetasv19\LA\LA\ASVspoof2019_LA_dev\flac\LA_D_3244196.flac,1,2.0,4.0,1,1,0.6913663744926453
LA_D_3244196,Datasetasv19\LA\LA\ASVspoof2019_LA_dev\flac\LA_D_3244196.flac,2,4.0,6.0,1,1,0.6446825861930847
LA_D_3244196,Datasetasv19\LA\LA\ASVspoof2019_LA_dev\flac\LA_D_3244196.flac,3,6.0,8.0,1,1,0.7360817193984985
LA_D_3244196,Datasetasv19\LA\LA\ASVspoof2019_LA_dev\flac\LA_D_3244196.flac,4,8.0,10.0,1,1,0.731189489364624
LA_D_3244196,Datasetasv19\LA\LA\ASVspoof2019_LA_dev\flac\LA_D_3244196.flac,5,10.0,12.0,1,1,0.7632396817207336
LA_D_3244196,Datasetasv19\LA\LA\ASVspoof2019_LA_dev\flac\LA_D_3244196.flac,6,12.0,14.0,1,1,0.7341184020042419
LA_D_3244196,Datasetasv19\LA\LA\ASVspoof2019_LA_dev\flac\LA_D_3244196.flac,7,14.0,16.0,1,1,0.7406588196754456
LA_D_5897281,Datasetasv19\LA\LA\ASVspoof2019_LA_dev\flac\LA_D_5897281.flac,0,0.0,2.0,1,1,0.9550082087516785
LA_D_5897281,Datasetasv19\LA\LA\ASVspoof2019_LA_dev\flac\LA_D_5897281.flac,1,2.0,4.0,1,1,0.9705616235733032
LA_D_5897281,Datasetasv19\LA\LA\ASVspoof2019_LA_dev\flac\LA_D_5897281.flac,2,4.0,6.0,1,1,0.9663338661193848
LA_D_5897281,Datasetasv19\LA\LA\ASVspoof2019_LA_dev\flac\LA_D_5897281.flac,3,6.0,8.0,1,1,0.9733437299728394
LA_D_5897281,Datasetasv19\LA\LA\ASVspoof2019_LA_dev\flac\LA_D_5897281.flac,4,8.0,10.0,1,1,0.9849900603294373
LA_D_5897281,Datasetasv19\LA\LA\ASVspoof2019_LA_dev\flac\LA_D_5897281.flac,5,10.0,12.0,1,1,0.9911715388298035
LA_D_5897281,Datasetasv19\LA\LA\ASVspoof2019_LA_dev\flac\LA_D_5897281.flac,6,12.0,14.0,1,1,0.9938108325004578
LA_D_5897281,Datasetasv19\LA\LA\ASVspoof2019_LA_dev\flac\LA_D_5897281.flac,7,14.0,16.0,1,1,0.9796664118766785
LA_D_4522480,Datasetasv19\LA\LA\ASVspoof2019_LA_dev\flac\LA_D_4522480.flac,0,0.0,2.0,1,1,0.9913289546966553
LA_D_4522480,Datasetasv19\LA\LA\ASVspoof2019_LA_dev\flac\LA_D_4522480.flac,1,2.0,4.0,1,1,0.9951830506324768
LA_D_4522480,Datasetasv19\LA\LA\ASVspoof2019_LA_dev\flac\LA_D_4522480.flac,2,4.0,6.0,1,1,0.9876008033752441
LA_D_4522480,Datasetasv19\LA\LA\ASVspoof2019_LA_dev\flac\LA_D_4522480.flac,3,6.0,8.0,1,1,0.9914984107017517
LA_D_4522480,Datasetasv19\LA\LA\ASVspoof2019_LA_dev\flac\LA_D_4522480.flac,4,8.0,10.0,1,1,0.980861246585846
LA_D_4522480,Datasetasv19\LA\LA\ASVspoof2019_LA_dev\flac\LA_D_4522480.flac,5,10.0,12.0,1,1,0.9881178736686707
LA_D_4522480,Datasetasv19\LA\LA\ASVspoof2019_LA_dev\flac\LA_D_4522480.flac,6,12.0,14.0,1,1,0.9885976314544678
LA_D_4522480,Datasetasv19\LA\LA\ASVspoof2019_LA_dev\flac\LA_D_4522480.flac,7,14.0,16.0,1,1,0.9681844711303711
LA_D_1916885,Datasetasv19\LA\LA\ASVspoof2019_LA_dev\flac\LA_D_1916885.flac,0,0.0,2.0,1,0,0.2274664342403412
LA_D_1916885,Datasetasv19\LA\LA\ASVspoof2019_LA_dev\flac\LA_D_1916885.flac,1,2.0,4.0,1,1,0.8542448282241821
LA_D_1916885,Datasetasv19\LA\LA\ASVspoof2019_LA_dev\flac\LA_D_1916885.flac,2,4.0,6.0,1,1,0.8858672380447388
LA_D_1916885,Datasetasv19\LA\LA\ASVspoof2019_LA_dev\flac\LA_D_1916885.flac,3,6.0,8.0,1,1,0.9787241220474243
LA_D_1916885,Datasetasv19\LA\LA\ASVspoof2019_LA_dev\flac\LA_D_1916885.flac,4,8.0,10.0,1,1,0.9870467185974121
LA_D_1916885,Datasetasv19\LA\LA\ASVspoof2019_LA_dev\flac\LA_D_1916885.flac,5,10.0,12.0,1,1,0.9869840145111084
LA_D_1916885,Datasetasv19\LA\LA\ASVspoof2019_LA_dev\flac\LA_D_1916885.flac,6,12.0,14.0,1,1,0.9962208867073059
LA_D_1916885,Datasetasv19\LA\LA\ASVspoof2019_LA_dev\flac\LA_D_1916885.flac,7,14.0,16.0,1,1,0.9702028036117554
LA_D_5985188,Datasetasv19\LA\LA\ASVspoof2019_LA_dev\flac\LA_D_5985188.flac,0,0.0,2.0,0,0,0.03728863224387169
LA_D_5985188,Datasetasv19\LA\LA\ASVspoof2019_LA_dev\flac\LA_D_5985188.flac,1,2.0,4.0,0,0,0.029617849737405777
LA_D_5985188,Datasetasv19\LA\LA\ASVspoof2019_LA_dev\flac\LA_D_5985188.flac,2,4.0,6.0,0,0,0.022040914744138718
LA_D_5985188,Datasetasv19\LA\LA\ASVspoof2019_LA_dev\flac\LA_D_5985188.flac,3,6.0,8.0,0,0,0.024432718753814697
LA_D_5985188,Datasetasv19\LA\LA\ASVspoof2019_LA_dev\flac\LA_D_5985188.flac,4,8.0,10.0,0,0,0.03021528758108616
LA_D_5985188,Datasetasv19\LA\LA\ASVspoof2019_LA_dev\flac\LA_D_5985188.flac,5,10.0,12.0,0,0,0.030119722709059715
LA_D_5985188,Datasetasv19\LA\LA\ASVspoof2019_LA_dev\flac\LA_D_5985188.flac,6,12.0,14.0,0,0,0.022967565804719925
LA_D_5985188,Datasetasv19\LA\LA\ASVspoof2019_LA_dev\flac\LA_D_5985188.flac,7,14.0,16.0,0,0,0.03067893348634243
LA_D_5057861,Datasetasv19\LA\LA\ASVspoof2019_LA_dev\flac\LA_D_5057861.flac,0,0.0,2.0,1,1,0.9196666479110718
LA_D_5057861,Datasetasv19\LA\LA\ASVspoof2019_LA_dev\flac\LA_D_5057861.flac,1,2.0,4.0,1,1,0.9789118766784668
LA_D_5057861,Datasetasv19\LA\LA\ASVspoof2019_LA_dev\flac\LA_D_5057861.flac,2,4.0,6.0,1,1,0.9606146812438965
LA_D_5057861,Datasetasv19\LA\LA\ASVspoof2019_LA_dev\flac\LA_D_5057861.flac,3,6.0,8.0,1,1,0.9268870949745178
LA_D_5057861,Datasetasv19\LA\LA\ASVspoof2019_LA_dev\flac\LA_D_5057861.flac,4,8.0,10.0,1,1,0.9513405561447144
LA_D_5057861,Datasetasv19\LA\LA\ASVspoof2019_LA_dev\flac\LA_D_5057861.flac,5,10.0,12.0,1,1,0.9571048021316528
LA_D_5057861,Datasetasv19\LA\LA\ASVspoof2019_LA_dev\flac\LA_D_5057861.flac,6,12.0,14.0,1,1,0.9720999002456665
LA_D_5057861,Datasetasv19\LA\LA\ASVspoof2019_LA_dev\flac\LA_D_5057861.flac,7,14.0,16.0,1,1,0.9772533774375916
LA_D_9996165,Datasetasv19\LA\LA\ASVspoof2019_LA_dev\flac\LA_D_9996165.flac,0,0.0,2.0,1,1,0.38126134872436523
LA_D_9996165,Datasetasv19\LA\LA\ASVspoof2019_LA_dev\flac\LA_D_9996165.flac,1,2.0,4.0,1,1,0.7210425734519958
LA_D_9996165,Datasetasv19\LA\LA\ASVspoof2019_LA_dev\flac\LA_D_9996165.flac,2,4.0,6.0,1,1,0.7367274165153503
LA_D_9996165,Datasetasv19\LA\LA\ASVspoof2019_LA_dev\flac\LA_D_9996165.flac,3,6.0,8.0,1,1,0.7622255086898804
LA_D_9996165,Datasetasv19\LA\LA\ASVspoof2019_LA_dev\flac\LA_D_9996165.flac,4,8.0,10.0,1,1,0.7828447222709656
LA_D_9996165,Datasetasv19\LA\LA\ASVspoof2019_LA_dev\flac\LA_D_9996165.flac,5,10.0,12.0,1,1,0.7479550838470459
LA_D_9996165,Datasetasv19\LA\LA\ASVspoof2019_LA_dev\flac\LA_D_9996165.flac,6,12.0,14.0,1,1,0.6091047525405884
LA_D_9996165,Datasetasv19\LA\LA\ASVspoof2019_LA_dev\flac\LA_D_9996165.flac,7,14.0,16.0,1,0,0.1920233964920044
LA_D_4052216,Datasetasv19\LA\LA\ASVspoof2019_LA_dev\flac\LA_D_4052216.flac,0,0.0,2.0,0,0,0.012803591787815094
LA_D_4052216,Datasetasv19\LA\LA\ASVspoof2019_LA_dev\flac\LA_D_4052216.flac,1,2.0,4.0,0,0,0.01751033030450344
LA_D_4052216,Datasetasv19\LA\LA\ASVspoof2019_LA_dev\flac\LA_D_4052216.flac,2,4.0,6.0,0,0,0.0178889911621809
LA_D_4052216,Datasetasv19\LA\LA\ASVspoof2019_LA_dev\flac\LA_D_4052216.flac,3,6.0,8.0,0,0,0.02228463813662529
LA_D_4052216,Datasetasv19\LA\LA\ASVspoof2019_LA_dev\flac\LA_D_4052216.flac,4,8.0,10.0,0,0,0.017173273488879204
LA_D_4052216,Datasetasv19\LA\LA\ASVspoof2019_LA_dev\flac\LA_D_4052216.flac,5,10.0,12.0,0,0,0.02285800687968731
LA_D_4052216,Datasetasv19\LA\LA\ASVspoof2019_LA_dev\flac\LA_D_4052216.flac,6,12.0,14.0,0,0,0.020027045160531998
LA_D_4052216,Datasetasv19\LA\LA\ASVspoof2019_LA_dev\flac\LA_D_4052216.flac,7,14.0,16.0,0,0,0.016370460391044617
LA_D_2020389,Datasetasv19\LA\LA\ASVspoof2019_LA_dev\flac\LA_D_2020389.flac,0,0.0,2.0,1,1,0.2765462398529053
LA_D_2020389,Datasetasv19\LA\LA\ASVspoof2019_LA_dev\flac\LA_D_2020389.flac,1,2.0,4.0,1,1,0.5379275679588318
LA_D_2020389,Datasetasv19\LA\LA\ASVspoof2019_LA_dev\flac\LA_D_2020389.flac,2,4.0,6.0,1,1,0.7597057223320007
LA_D_2020389,Datasetasv19\LA\LA\ASVspoof2019_LA_dev\flac\LA_D_2020389.flac,3,6.0,8.0,1,1,0.7746900916099548
LA_D_2020389,Datasetasv19\LA\LA\ASVspoof2019_LA_dev\flac\LA_D_2020389.flac,4,8.0,10.0,1,1,0.7690488696098328
LA_D_2020389,Datasetasv19\LA\LA\ASVspoof2019_LA_dev\flac\LA_D_2020389.flac,5,10.0,12.0,1,1,0.7121690511703491
LA_D_2020389,Datasetasv19\LA\LA\ASVspoof2019_LA_dev\flac\LA_D_2020389.flac,6,12.0,14.0,1,1,0.428316593170166
LA_D_2020389,Datasetasv19\LA\LA\ASVspoof2019_LA_dev\flac\LA_D_2020389.flac,7,14.0,16.0,1,0,0.08305337280035019
LA_D_7822260,Datasetasv19\LA\LA\ASVspoof2019_LA_dev\flac\LA_D_7822260.flac,0,0.0,2.0,0,0,0.04029225558042526
LA_D_7822260,Datasetasv19\LA\LA\ASVspoof2019_LA_dev\flac\LA_D_7822260.flac,1,2.0,4.0,0,0,0.027179453521966934
LA_D_7822260,Datasetasv19\LA\LA\ASVspoof2019_LA_dev\flac\LA_D_7822260.flac,2,4.0,6.0,0,0,0.06926584243774414
LA_D_7822260,Datasetasv19\LA\LA\ASVspoof2019_LA_dev\flac\LA_D_7822260.flac,3,6.0,8.0,0,1,0.2932262122631073
LA_D_7822260,Datasetasv19\LA\LA\ASVspoof2019_LA_dev\flac\LA_D_7822260.flac,4,8.0,10.0,0,0,0.2223471701145172
LA_D_7822260,Datasetasv19\LA\LA\ASVspoof2019_LA_dev\flac\LA_D_7822260.flac,5,10.0,12.0,0,0,0.20955564081668854
LA_D_7822260,Datasetasv19\LA\LA\ASVspoof2019_LA_dev\flac\LA_D_7822260.flac,6,12.0,14.0,0,1,0.3900543451309204
LA_D_7822260,Datasetasv19\LA\LA\ASVspoof2019_LA_dev\flac\LA_D_7822260.flac,7,14.0,16.0,0,1,0.35924583673477173
LA_D_6877026,Datasetasv19\LA\LA\ASVspoof2019_LA_dev\flac\LA_D_6877026.flac,0,0.0,2.0,1,1,0.9935372471809387
LA_D_6877026,Datasetasv19\LA\LA\ASVspoof2019_LA_dev\flac\LA_D_6877026.flac,1,2.0,4.0,1,1,0.9885076284408569
LA_D_6877026,Datasetasv19\LA\LA\ASVspoof2019_LA_dev\flac\LA_D_6877026.flac,2,4.0,6.0,1,1,0.9848474860191345
LA_D_6877026,Datasetasv19\LA\LA\ASVspoof2019_LA_dev\flac\LA_D_6877026.flac,3,6.0,8.0,1,1,0.985755205154419
LA_D_6877026,Datasetasv19\LA\LA\ASVspoof2019_LA_dev\flac\LA_D_6877026.flac,4,8.0,10.0,1,1,0.99406498670578
LA_D_6877026,Datasetasv19\LA\LA\ASVspoof2019_LA_dev\flac\LA_D_6877026.flac,5,10.0,12.0,1,1,0.988250732421875
LA_D_6877026,Datasetasv19\LA\LA\ASVspoof2019_LA_dev\flac\LA_D_6877026.flac,6,12.0,14.0,1,1,0.9872848391532898
LA_D_6877026,Datasetasv19\LA\LA\ASVspoof2019_LA_dev\flac\LA_D_6877026.flac,7,14.0,16.0,1,1,0.9960517287254333
LA_D_8128338,Datasetasv19\LA\LA\ASVspoof2019_LA_dev\flac\LA_D_8128338.flac,0,0.0,2.0,1,1,0.6547459959983826
LA_D_8128338,Datasetasv19\LA\LA\ASVspoof2019_LA_dev\flac\LA_D_8128338.flac,1,2.0,4.0,1,1,0.6616556644439697
LA_D_8128338,Datasetasv19\LA\LA\ASVspoof2019_LA_dev\flac\LA_D_8128338.flac,2,4.0,6.0,1,1,0.6638054847717285
LA_D_8128338,Datasetasv19\LA\LA\ASVspoof2019_LA_dev\flac\LA_D_8128338.flac,3,6.0,8.0,1,1,0.6881087422370911
LA_D_8128338,Datasetasv19\LA\LA\ASVspoof2019_LA_dev\flac\LA_D_8128338.flac,4,8.0,10.0,1,1,0.6254529356956482
LA_D_8128338,Datasetasv19\LA\LA\ASVspoof2019_LA_dev\flac\LA_D_8128338.flac,5,10.0,12.0,1,1,0.578718364238739
LA_D_8128338,Datasetasv19\LA\LA\ASVspoof2019_LA_dev\flac\LA_D_8128338.flac,6,12.0,14.0,1,1,0.6321230530738831
LA_D_8128338,Datasetasv19\LA\LA\ASVspoof2019_LA_dev\flac\LA_D_8128338.flac,7,14.0,16.0,1,1,0.6935300230979919
LA_D_2389222,Datasetasv19\LA\LA\ASVspoof2019_LA_dev\flac\LA_D_2389222.flac,0,0.0,2.0,1,1,0.8865991830825806
LA_D_2389222,Datasetasv19\LA\LA\ASVspoof2019_LA_dev\flac\LA_D_2389222.flac,1,2.0,4.0,1,1,0.8865991830825806
LA_D_2389222,Datasetasv19\LA\LA\ASVspoof2019_LA_dev\flac\LA_D_2389222.flac,2,4.0,6.0,1,1,0.8865991830825806
LA_D_2389222,Datasetasv19\LA\LA\ASVspoof2019_LA_dev\flac\LA_D_2389222.flac,3,6.0,8.0,1,1,0.8865991830825806
LA_D_2389222,Datasetasv19\LA\LA\ASVspoof2019_LA_dev\flac\LA_D_2389222.flac,4,8.0,10.0,1,1,0.8865991830825806
LA_D_2389222,Datasetasv19\LA\LA\ASVspoof2019_LA_dev\flac\LA_D_2389222.flac,5,10.0,12.0,1,1,0.8865991830825806
LA_D_2389222,Datasetasv19\LA\LA\ASVspoof2019_LA_dev\flac\LA_D_2389222.flac,6,12.0,14.0,1,1,0.8865991830825806
LA_D_2389222,Datasetasv19\LA\LA\ASVspoof2019_LA_dev\flac\LA_D_2389222.flac,7,14.0,16.0,1,1,0.8865991830825806
LA_D_1358691,Datasetasv19\LA\LA\ASVspoof2019_LA_dev\flac\LA_D_1358691.flac,0,0.0,2.0,1,1,0.3766159415245056
LA_D_1358691,Datasetasv19\LA\LA\ASVspoof2019_LA_dev\flac\LA_D_1358691.flac,1,2.0,4.0,1,1,0.4511759579181671
LA_D_1358691,Datasetasv19\LA\LA\ASVspoof2019_LA_dev\flac\LA_D_1358691.flac,2,4.0,6.0,1,1,0.49505946040153503
LA_D_1358691,Datasetasv19\LA\LA\ASVspoof2019_LA_dev\flac\LA_D_1358691.flac,3,6.0,8.0,1,1,0.537218451499939
LA_D_1358691,Datasetasv19\LA\LA\ASVspoof2019_LA_dev\flac\LA_D_1358691.flac,4,8.0,10.0,1,1,0.5931916832923889
LA_D_1358691,Datasetasv19\LA\LA\ASVspoof2019_LA_dev\flac\LA_D_1358691.flac,5,10.0,12.0,1,1,0.5263417363166809
LA_D_1358691,Datasetasv19\LA\LA\ASVspoof2019_LA_dev\flac\LA_D_1358691.flac,6,12.0,14.0,1,1,0.5764772891998291
LA_D_1358691,Datasetasv19\LA\LA\ASVspoof2019_LA_dev\flac\LA_D_1358691.flac,7,14.0,16.0,1,1,0.4468555152416229
LA_D_8220630,Datasetasv19\LA\LA\ASVspoof2019_LA_dev\flac\LA_D_8220630.flac,0,0.0,2.0,1,1,0.996681272983551
LA_D_8220630,Datasetasv19\LA\LA\ASVspoof2019_LA_dev\flac\LA_D_8220630.flac,1,2.0,4.0,1,1,0.996681272983551
LA_D_8220630,Datasetasv19\LA\LA\ASVspoof2019_LA_dev\flac\LA_D_8220630.flac,2,4.0,6.0,1,1,0.996681272983551
LA_D_8220630,Datasetasv19\LA\LA\ASVspoof2019_LA_dev\flac\LA_D_8220630.flac,3,6.0,8.0,1,1,0.996681272983551
LA_D_8220630,Datasetasv19\LA\LA\ASVspoof2019_LA_dev\flac\LA_D_8220630.flac,4,8.0,10.0,1,1,0.996681272983551
LA_D_8220630,Datasetasv19\LA\LA\ASVspoof2019_LA_dev\flac\LA_D_8220630.flac,5,10.0,12.0,1,1,0.996681272983551
LA_D_8220630,Datasetasv19\LA\LA\ASVspoof2019_LA_dev\flac\LA_D_8220630.flac,6,12.0,14.0,1,1,0.996681272983551
LA_D_8220630,Datasetasv19\LA\LA\ASVspoof2019_LA_dev\flac\LA_D_8220630.flac,7,14.0,16.0,1,1,0.996681272983551
LA_D_8316995,Datasetasv19\LA\LA\ASVspoof2019_LA_dev\flac\LA_D_8316995.flac,0,0.0,2.0,0,0,0.08400829881429672
LA_D_8316995,Datasetasv19\LA\LA\ASVspoof2019_LA_dev\flac\LA_D_8316995.flac,1,2.0,4.0,0,0,0.14924095571041107
LA_D_8316995,Datasetasv19\LA\LA\ASVspoof2019_LA_dev\flac\LA_D_8316995.flac,2,4.0,6.0,0,0,0.1252560168504715
LA_D_8316995,Datasetasv19\LA\LA\ASVspoof2019_LA_dev\flac\LA_D_8316995.flac,3,6.0,8.0,0,0,0.23493146896362305
LA_D_8316995,Datasetasv19\LA\LA\ASVspoof2019_LA_dev\flac\LA_D_8316995.flac,4,8.0,10.0,0,0,0.1963125318288803
LA_D_8316995,Datasetasv19\LA\LA\ASVspoof2019_LA_dev\flac\LA_D_8316995.flac,5,10.0,12.0,0,0,0.17743751406669617
LA_D_8316995,Datasetasv19\LA\LA\ASVspoof2019_LA_dev\flac\LA_D_8316995.flac,6,12.0,14.0,0,0,0.21059371531009674
LA_D_8316995,Datasetasv19\LA\LA\ASVspoof2019_LA_dev\flac\LA_D_8316995.flac,7,14.0,16.0,0,0,0.15025724470615387
LA_D_1371588,Datasetasv19\LA\LA\ASVspoof2019_LA_dev\flac\LA_D_1371588.flac,0,0.0,2.0,1,1,0.9771844744682312
LA_D_1371588,Datasetasv19\LA\LA\ASVspoof2019_LA_dev\flac\LA_D_1371588.flac,1,2.0,4.0,1,1,0.986661970615387
LA_D_1371588,Datasetasv19\LA\LA\ASVspoof2019_LA_dev\flac\LA_D_1371588.flac,2,4.0,6.0,1,1,0.9969713687896729
LA_D_1371588,Datasetasv19\LA\LA\ASVspoof2019_LA_dev\flac\LA_D_1371588.flac,3,6.0,8.0,1,1,0.996792733669281
LA_D_1371588,Datasetasv19\LA\LA\ASVspoof2019_LA_dev\flac\LA_D_1371588.flac,4,8.0,10.0,1,1,0.9949329495429993
LA_D_1371588,Datasetasv19\LA\LA\ASVspoof2019_LA_dev\flac\LA_D_1371588.flac,5,10.0,12.0,1,1,0.9963783621788025
LA_D_1371588,Datasetasv19\LA\LA\ASVspoof2019_LA_dev\flac\LA_D_1371588.flac,6,12.0,14.0,1,1,0.997261643409729
LA_D_1371588,Datasetasv19\LA\LA\ASVspoof2019_LA_dev\flac\LA_D_1371588.flac,7,14.0,16.0,1,1,0.992245614528656
LA_D_3881998,Datasetasv19\LA\LA\ASVspoof2019_LA_dev\flac\LA_D_3881998.flac,0,0.0,2.0,1,1,0.9837626218795776
LA_D_3881998,Datasetasv19\LA\LA\ASVspoof2019_LA_dev\flac\LA_D_3881998.flac,1,2.0,4.0,1,1,0.9837626218795776
LA_D_3881998,Datasetasv19\LA\LA\ASVspoof2019_LA_dev\flac\LA_D_3881998.flac,2,4.0,6.0,1,1,0.9837626218795776
LA_D_3881998,Datasetasv19\LA\LA\ASVspoof2019_LA_dev\flac\LA_D_3881998.flac,3,6.0,8.0,1,1,0.9837626218795776
LA_D_3881998,Datasetasv19\LA\LA\ASVspoof2019_LA_dev\flac\LA_D_3881998.flac,4,8.0,10.0,1,1,0.9837626218795776
LA_D_3881998,Datasetasv19\LA\LA\ASVspoof2019_LA_dev\flac\LA_D_3881998.flac,5,10.0,12.0,1,1,0.9837626218795776
LA_D_3881998,Datasetasv19\LA\LA\ASVspoof2019_LA_dev\flac\LA_D_3881998.flac,6,12.0,14.0,1,1,0.9837626218795776
LA_D_3881998,Datasetasv19\LA\LA\ASVspoof2019_LA_dev\flac\LA_D_3881998.flac,7,14.0,16.0,1,1,0.9837626218795776
LA_D_7167011,Datasetasv19\LA\LA\ASVspoof2019_LA_dev\flac\LA_D_7167011.flac,0,0.0,2.0,1,1,0.9965659976005554
LA_D_7167011,Datasetasv19\LA\LA\ASVspoof2019_LA_dev\flac\LA_D_7167011.flac,1,2.0,4.0,1,1,0.9965659976005554
LA_D_7167011,Datasetasv19\LA\LA\ASVspoof2019_LA_dev\flac\LA_D_7167011.flac,2,4.0,6.0,1,1,0.9965659976005554
LA_D_7167011,Datasetasv19\LA\LA\ASVspoof2019_LA_dev\flac\LA_D_7167011.flac,3,6.0,8.0,1,1,0.9965659976005554
LA_D_7167011,Datasetasv19\LA\LA\ASVspoof2019_LA_dev\flac\LA_D_7167011.flac,4,8.0,10.0,1,1,0.9965659976005554
LA_D_7167011,Datasetasv19\LA\LA\ASVspoof2019_LA_dev\flac\LA_D_7167011.flac,5,10.0,12.0,1,1,0.9965659976005554
LA_D_7167011,Datasetasv19\LA\LA\ASVspoof2019_LA_dev\flac\LA_D_7167011.flac,6,12.0,14.0,1,1,0.9965659976005554
LA_D_7167011,Datasetasv19\LA\LA\ASVspoof2019_LA_dev\flac\LA_D_7167011.flac,7,14.0,16.0,1,1,0.9965659976005554
LA_D_9671660,Datasetasv19\LA\LA\ASVspoof2019_LA_dev\flac\LA_D_9671660.flac,0,0.0,2.0,1,1,0.9980283379554749
LA_D_9671660,Datasetasv19\LA\LA\ASVspoof2019_LA_dev\flac\LA_D_9671660.flac,1,2.0,4.0,1,1,0.9980283379554749
LA_D_9671660,Datasetasv19\LA\LA\ASVspoof2019_LA_dev\flac\LA_D_9671660.flac,2,4.0,6.0,1,1,0.9980283379554749
LA_D_9671660,Datasetasv19\LA\LA\ASVspoof2019_LA_dev\flac\LA_D_9671660.flac,3,6.0,8.0,1,1,0.9980283379554749
LA_D_9671660,Datasetasv19\LA\LA\ASVspoof2019_LA_dev\flac\LA_D_9671660.flac,4,8.0,10.0,1,1,0.9980283379554749
LA_D_9671660,Datasetasv19\LA\LA\ASVspoof2019_LA_dev\flac\LA_D_9671660.flac,5,10.0,12.0,1,1,0.9980283379554749
LA_D_9671660,Datasetasv19\LA\LA\ASVspoof2019_LA_dev\flac\LA_D_9671660.flac,6,12.0,14.0,1,1,0.9980283379554749
LA_D_9671660,Datasetasv19\LA\LA\ASVspoof2019_LA_dev\flac\LA_D_9671660.flac,7,14.0,16.0,1,1,0.9980283379554749
LA_D_8732956,Datasetasv19\LA\LA\ASVspoof2019_LA_dev\flac\LA_D_8732956.flac,0,0.0,2.0,1,1,0.9966297745704651
LA_D_8732956,Datasetasv19\LA\LA\ASVspoof2019_LA_dev\flac\LA_D_8732956.flac,1,2.0,4.0,1,1,0.9914634823799133
LA_D_8732956,Datasetasv19\LA\LA\ASVspoof2019_LA_dev\flac\LA_D_8732956.flac,2,4.0,6.0,1,1,0.988014280796051
LA_D_8732956,Datasetasv19\LA\LA\ASVspoof2019_LA_dev\flac\LA_D_8732956.flac,3,6.0,8.0,1,1,0.9897398948669434
LA_D_8732956,Datasetasv19\LA\LA\ASVspoof2019_LA_dev\flac\LA_D_8732956.flac,4,8.0,10.0,1,1,0.9880258440971375
LA_D_8732956,Datasetasv19\LA\LA\ASVspoof2019_LA_dev\flac\LA_D_8732956.flac,5,10.0,12.0,1,1,0.9898359179496765
LA_D_8732956,Datasetasv19\LA\LA\ASVspoof2019_LA_dev\flac\LA_D_8732956.flac,6,12.0,14.0,1,1,0.9874388575553894
LA_D_8732956,Datasetasv19\LA\LA\ASVspoof2019_LA_dev\flac\LA_D_8732956.flac,7,14.0,16.0,1,1,0.9864480495452881
LA_D_2937524,Datasetasv19\LA\LA\ASVspoof2019_LA_dev\flac\LA_D_2937524.flac,0,0.0,2.0,1,1,0.5796586871147156
LA_D_2937524,Datasetasv19\LA\LA\ASVspoof2019_LA_dev\flac\LA_D_2937524.flac,1,2.0,4.0,1,1,0.5255802273750305
LA_D_2937524,Datasetasv19\LA\LA\ASVspoof2019_LA_dev\flac\LA_D_2937524.flac,2,4.0,6.0,1,1,0.5313253998756409
LA_D_2937524,Datasetasv19\LA\LA\ASVspoof2019_LA_dev\flac\LA_D_2937524.flac,3,6.0,8.0,1,1,0.4428768754005432
LA_D_2937524,Datasetasv19\LA\LA\ASVspoof2019_LA_dev\flac\LA_D_2937524.flac,4,8.0,10.0,1,1,0.47939154505729675
LA_D_2937524,Datasetasv19\LA\LA\ASVspoof2019_LA_dev\flac\LA_D_2937524.flac,5,10.0,12.0,1,1,0.6635623574256897
LA_D_2937524,Datasetasv19\LA\LA\ASVspoof2019_LA_dev\flac\LA_D_2937524.flac,6,12.0,14.0,1,1,0.6417457461357117
LA_D_2937524,Datasetasv19\LA\LA\ASVspoof2019_LA_dev\flac\LA_D_2937524.flac,7,14.0,16.0,1,1,0.6806504726409912
LA_D_5814298,Datasetasv19\LA\LA\ASVspoof2019_LA_dev\flac\LA_D_5814298.flac,0,0.0,2.0,1,1,0.9912455677986145
LA_D_5814298,Datasetasv19\LA\LA\ASVspoof2019_LA_dev\flac\LA_D_5814298.flac,1,2.0,4.0,1,1,0.9912455677986145
LA_D_5814298,Datasetasv19\LA\LA\ASVspoof2019_LA_dev\flac\LA_D_5814298.flac,2,4.0,6.0,1,1,0.9912455677986145
LA_D_5814298,Datasetasv19\LA\LA\ASVspoof2019_LA_dev\flac\LA_D_5814298.flac,3,6.0,8.0,1,1,0.9912455677986145
LA_D_5814298,Datasetasv19\LA\LA\ASVspoof2019_LA_dev\flac\LA_D_5814298.flac,4,8.0,10.0,1,1,0.9912455677986145
LA_D_5814298,Datasetasv19\LA\LA\ASVspoof2019_LA_dev\flac\LA_D_5814298.flac,5,10.0,12.0,1,1,0.9912455677986145
LA_D_5814298,Datasetasv19\LA\LA\ASVspoof2019_LA_dev\flac\LA_D_5814298.flac,6,12.0,14.0,1,1,0.9912455677986145
LA_D_5814298,Datasetasv19\LA\LA\ASVspoof2019_LA_dev\flac\LA_D_5814298.flac,7,14.0,16.0,1,1,0.9912455677986145
LA_D_6434693,Datasetasv19\LA\LA\ASVspoof2019_LA_dev\flac\LA_D_6434693.flac,0,0.0,2.0,0,0,0.11055430769920349
LA_D_6434693,Datasetasv19\LA\LA\ASVspoof2019_LA_dev\flac\LA_D_6434693.flac,1,2.0,4.0,0,0,0.03063332661986351
LA_D_6434693,Datasetasv19\LA\LA\ASVspoof2019_LA_dev\flac\LA_D_6434693.flac,2,4.0,6.0,0,0,0.02701542340219021
LA_D_6434693,Datasetasv19\LA\LA\ASVspoof2019_LA_dev\flac\LA_D_6434693.flac,3,6.0,8.0,0,0,0.08485700190067291
LA_D_6434693,Datasetasv19\LA\LA\ASVspoof2019_LA_dev\flac\LA_D_6434693.flac,4,8.0,10.0,0,0,0.15751884877681732
LA_D_6434693,Datasetasv19\LA\LA\ASVspoof2019_LA_dev\flac\LA_D_6434693.flac,5,10.0,12.0,0,1,0.3272692561149597
LA_D_6434693,Datasetasv19\LA\LA\ASVspoof2019_LA_dev\flac\LA_D_6434693.flac,6,12.0,14.0,0,0,0.15789319574832916
LA_D_6434693,Datasetasv19\LA\LA\ASVspoof2019_LA_dev\flac\LA_D_6434693.flac,7,14.0,16.0,0,0,0.15921035408973694
LA_D_7325649,Datasetasv19\LA\LA\ASVspoof2019_LA_dev\flac\LA_D_7325649.flac,0,0.0,2.0,1,1,0.6371276378631592
LA_D_7325649,Datasetasv19\LA\LA\ASVspoof2019_LA_dev\flac\LA_D_7325649.flac,1,2.0,4.0,1,1,0.2750925123691559
LA_D_7325649,Datasetasv19\LA\LA\ASVspoof2019_LA_dev\flac\LA_D_7325649.flac,2,4.0,6.0,1,1,0.5167218446731567
LA_D_7325649,Datasetasv19\LA\LA\ASVspoof2019_LA_dev\flac\LA_D_7325649.flac,3,6.0,8.0,1,1,0.6374644041061401
LA_D_7325649,Datasetasv19\LA\LA\ASVspoof2019_LA_dev\flac\LA_D_7325649.flac,4,8.0,10.0,1,1,0.6603146195411682
LA_D_7325649,Datasetasv19\LA\LA\ASVspoof2019_LA_dev\flac\LA_D_7325649.flac,5,10.0,12.0,1,1,0.709180474281311
LA_D_7325649,Datasetasv19\LA\LA\ASVspoof2019_LA_dev\flac\LA_D_7325649.flac,6,12.0,14.0,1,1,0.6545339822769165
LA_D_7325649,Datasetasv19\LA\LA\ASVspoof2019_LA_dev\flac\LA_D_7325649.flac,7,14.0,16.0,1,1,0.7273306846618652
LA_D_5727455,Datasetasv19\LA\LA\ASVspoof2019_LA_dev\flac\LA_D_5727455.flac,0,0.0,2.0,1,1,0.9763546586036682
LA_D_5727455,Datasetasv19\LA\LA\ASVspoof2019_LA_dev\flac\LA_D_5727455.flac,1,2.0,4.0,1,1,0.9901637434959412
LA_D_5727455,Datasetasv19\LA\LA\ASVspoof2019_LA_dev\flac\LA_D_5727455.flac,2,4.0,6.0,1,1,0.9920489192008972
LA_D_5727455,Datasetasv19\LA\LA\ASVspoof2019_LA_dev\flac\LA_D_5727455.flac,3,6.0,8.0,1,1,0.9731132388114929
LA_D_5727455,Datasetasv19\LA\LA\ASVspoof2019_LA_dev\flac\LA_D_5727455.flac,4,8.0,10.0,1,1,0.9794303178787231
LA_D_5727455,Datasetasv19\LA\LA\ASVspoof2019_LA_dev\flac\LA_D_5727455.flac,5,10.0,12.0,1,1,0.9528580904006958
LA_D_5727455,Datasetasv19\LA\LA\ASVspoof2019_LA_dev\flac\LA_D_5727455.flac,6,12.0,14.0,1,1,0.9882130026817322
LA_D_5727455,Datasetasv19\LA\LA\ASVspoof2019_LA_dev\flac\LA_D_5727455.flac,7,14.0,16.0,1,1,0.9786661863327026
LA_D_6868998,Datasetasv19\LA\LA\ASVspoof2019_LA_dev\flac\LA_D_6868998.flac,0,0.0,2.0,0,0,0.036386553198099136
LA_D_6868998,Datasetasv19\LA\LA\ASVspoof2019_LA_dev\flac\LA_D_6868998.flac,1,2.0,4.0,0,0,0.10821691155433655
LA_D_6868998,Datasetasv19\LA\LA\ASVspoof2019_LA_dev\flac\LA_D_6868998.flac,2,4.0,6.0,0,0,0.2531720995903015
LA_D_6868998,Datasetasv19\LA\LA\ASVspoof2019_LA_dev\flac\LA_D_6868998.flac,3,6.0,8.0,0,1,0.2662662863731384
LA_D_6868998,Datasetasv19\LA\LA\ASVspoof2019_LA_dev\flac\LA_D_6868998.flac,4,8.0,10.0,0,1,0.3143394887447357
LA_D_6868998,Datasetasv19\LA\LA\ASVspoof2019_LA_dev\flac\LA_D_6868998.flac,5,10.0,12.0,0,0,0.18934446573257446
LA_D_6868998,Datasetasv19\LA\LA\ASVspoof2019_LA_dev\flac\LA_D_6868998.flac,6,12.0,14.0,0,0,0.08466258645057678
LA_D_6868998,Datasetasv19\LA\LA\ASVspoof2019_LA_dev\flac\LA_D_6868998.flac,7,14.0,16.0,0,0,0.05017928406596184
LA_D_5714519,Datasetasv19\LA\LA\ASVspoof2019_LA_dev\flac\LA_D_5714519.flac,0,0.0,2.0,1,1,0.7076366543769836
LA_D_5714519,Datasetasv19\LA\LA\ASVspoof2019_LA_dev\flac\LA_D_5714519.flac,1,2.0,4.0,1,1,0.6670061349868774
LA_D_5714519,Datasetasv19\LA\LA\ASVspoof2019_LA_dev\flac\LA_D_5714519.flac,2,4.0,6.0,1,1,0.8193606734275818
LA_D_5714519,Datasetasv19\LA\LA\ASVspoof2019_LA_dev\flac\LA_D_5714519.flac,3,6.0,8.0,1,1,0.9015366435050964
LA_D_5714519,Datasetasv19\LA\LA\ASVspoof2019_LA_dev\flac\LA_D_5714519.flac,4,8.0,10.0,1,1,0.8905543684959412
LA_D_5714519,Datasetasv19\LA\LA\ASVspoof2019_LA_dev\flac\LA_D_5714519.flac,5,10.0,12.0,1,1,0.8542011380195618
LA_D_5714519,Datasetasv19\LA\LA\ASVspoof2019_LA_dev\flac\LA_D_5714519.flac,6,12.0,14.0,1,1,0.7984052300453186
LA_D_5714519,Datasetasv19\LA\LA\ASVspoof2019_LA_dev\flac\LA_D_5714519.flac,7,14.0,16.0,1,1,0.7474108934402466
LA_D_1314828,Datasetasv19\LA\LA\ASVspoof2019_LA_dev\flac\LA_D_1314828.flac,0,0.0,2.0,1,1,0.7516972422599792
LA_D_1314828,Datasetasv19\LA\LA\ASVspoof2019_LA_dev\flac\LA_D_1314828.flac,1,2.0,4.0,1,1,0.7908369302749634
LA_D_1314828,Datasetasv19\LA\LA\ASVspoof2019_LA_dev\flac\LA_D_1314828.flac,2,4.0,6.0,1,1,0.8217908143997192
LA_D_1314828,Datasetasv19\LA\LA\ASVspoof2019_LA_dev\flac\LA_D_1314828.flac,3,6.0,8.0,1,1,0.8548507690429688
LA_D_1314828,Datasetasv19\LA\LA\ASVspoof2019_LA_dev\flac\LA_D_1314828.flac,4,8.0,10.0,1,1,0.8198320269584656
LA_D_1314828,Datasetasv19\LA\LA\ASVspoof2019_LA_dev\flac\LA_D_1314828.flac,5,10.0,12.0,1,1,0.8029552102088928
LA_D_1314828,Datasetasv19\LA\LA\ASVspoof2019_LA_dev\flac\LA_D_1314828.flac,6,12.0,14.0,1,1,0.7937441468238831
LA_D_1314828,Datasetasv19\LA\LA\ASVspoof2019_LA_dev\flac\LA_D_1314828.flac,7,14.0,16.0,1,1,0.7544581294059753
LA_D_9415707,Datasetasv19\LA\LA\ASVspoof2019_LA_dev\flac\LA_D_9415707.flac,0,0.0,2.0,1,1,0.5651987791061401
LA_D_9415707,Datasetasv19\LA\LA\ASVspoof2019_LA_dev\flac\LA_D_9415707.flac,1,2.0,4.0,1,1,0.6345000863075256
LA_D_9415707,Datasetasv19\LA\LA\ASVspoof2019_LA_dev\flac\LA_D_9415707.flac,2,4.0,6.0,1,1,0.6069830656051636
LA_D_9415707,Datasetasv19\LA\LA\ASVspoof2019_LA_dev\flac\LA_D_9415707.flac,3,6.0,8.0,1,1,0.6458537578582764
LA_D_9415707,Datasetasv19\LA\LA\ASVspoof2019_LA_dev\flac\LA_D_9415707.flac,4,8.0,10.0,1,1,0.5186875462532043
LA_D_9415707,Datasetasv19\LA\LA\ASVspoof2019_LA_dev\flac\LA_D_9415707.flac,5,10.0,12.0,1,1,0.5614669322967529
LA_D_9415707,Datasetasv19\LA\LA\ASVspoof2019_LA_dev\flac\LA_D_9415707.flac,6,12.0,14.0,1,1,0.5232571959495544
LA_D_9415707,Datasetasv19\LA\LA\ASVspoof2019_LA_dev\flac\LA_D_9415707.flac,7,14.0,16.0,1,1,0.5791159272193909
LA_D_7151634,Datasetasv19\LA\LA\ASVspoof2019_LA_dev\flac\LA_D_7151634.flac,0,0.0,2.0,1,1,0.5115185976028442
LA_D_7151634,Datasetasv19\LA\LA\ASVspoof2019_LA_dev\flac\LA_D_7151634.flac,1,2.0,4.0,1,1,0.4174511134624481
LA_D_7151634,Datasetasv19\LA\LA\ASVspoof2019_LA_dev\flac\LA_D_7151634.flac,2,4.0,6.0,1,1,0.5329607129096985
LA_D_7151634,Datasetasv19\LA\LA\ASVspoof2019_LA_dev\flac\LA_D_7151634.flac,3,6.0,8.0,1,1,0.3674534559249878
LA_D_7151634,Datasetasv19\LA\LA\ASVspoof2019_LA_dev\flac\LA_D_7151634.flac,4,8.0,10.0,1,1,0.5404090285301208
LA_D_7151634,Datasetasv19\LA\LA\ASVspoof2019_LA_dev\flac\LA_D_7151634.flac,5,10.0,12.0,1,1,0.4017951190471649
LA_D_7151634,Datasetasv19\LA\LA\ASVspoof2019_LA_dev\flac\LA_D_7151634.flac,6,12.0,14.0,1,1,0.4604707956314087
LA_D_7151634,Datasetasv19\LA\LA\ASVspoof2019_LA_dev\flac\LA_D_7151634.flac,7,14.0,16.0,1,1,0.5302020311355591
LA_D_3211293,Datasetasv19\LA\LA\ASVspoof2019_LA_dev\flac\LA_D_3211293.flac,0,0.0,2.0,1,1,0.3601521849632263
LA_D_3211293,Datasetasv19\LA\LA\ASVspoof2019_LA_dev\flac\LA_D_3211293.flac,1,2.0,4.0,1,0,0.1982404738664627
LA_D_3211293,Datasetasv19\LA\LA\ASVspoof2019_LA_dev\flac\LA_D_3211293.flac,2,4.0,6.0,1,1,0.3707349896430969
LA_D_3211293,Datasetasv19\LA\LA\ASVspoof2019_LA_dev\flac\LA_D_3211293.flac,3,6.0,8.0,1,1,0.4058624804019928
LA_D_3211293,Datasetasv19\LA\LA\ASVspoof2019_LA_dev\flac\LA_D_3211293.flac,4,8.0,10.0,1,1,0.3031810224056244
LA_D_3211293,Datasetasv19\LA\LA\ASVspoof2019_LA_dev\flac\LA_D_3211293.flac,5,10.0,12.0,1,1,0.4785536527633667
LA_D_3211293,Datasetasv19\LA\LA\ASVspoof2019_LA_dev\flac\LA_D_3211293.flac,6,12.0,14.0,1,0,0.24892781674861908
LA_D_3211293,Datasetasv19\LA\LA\ASVspoof2019_LA_dev\flac\LA_D_3211293.flac,7,14.0,16.0,1,1,0.32337942719459534
LA_D_8118167,Datasetasv19\LA\LA\ASVspoof2019_LA_dev\flac\LA_D_8118167.flac,0,0.0,2.0,1,1,0.461528480052948
LA_D_8118167,Datasetasv19\LA\LA\ASVspoof2019_LA_dev\flac\LA_D_8118167.flac,1,2.0,4.0,1,1,0.461528480052948
LA_D_8118167,Datasetasv19\LA\LA\ASVspoof2019_LA_dev\flac\LA_D_8118167.flac,2,4.0,6.0,1,1,0.461528480052948
LA_D_8118167,Datasetasv19\LA\LA\ASVspoof2019_LA_dev\flac\LA_D_8118167.flac,3,6.0,8.0,1,1,0.461528480052948
LA_D_8118167,Datasetasv19\LA\LA\ASVspoof2019_LA_dev\flac\LA_D_8118167.flac,4,8.0,10.0,1,1,0.461528480052948
LA_D_8118167,Datasetasv19\LA\LA\ASVspoof2019_LA_dev\flac\LA_D_8118167.flac,5,10.0,12.0,1,1,0.461528480052948
LA_D_8118167,Datasetasv19\LA\LA\ASVspoof2019_LA_dev\flac\LA_D_8118167.flac,6,12.0,14.0,1,1,0.4615285098552704
LA_D_8118167,Datasetasv19\LA\LA\ASVspoof2019_LA_dev\flac\LA_D_8118167.flac,7,14.0,16.0,1,1,0.4615285098552704
LA_D_7623214,Datasetasv19\LA\LA\ASVspoof2019_LA_dev\flac\LA_D_7623214.flac,0,0.0,2.0,1,1,0.8020123243331909
LA_D_7623214,Datasetasv19\LA\LA\ASVspoof2019_LA_dev\flac\LA_D_7623214.flac,1,2.0,4.0,1,1,0.807428240776062
LA_D_7623214,Datasetasv19\LA\LA\ASVspoof2019_LA_dev\flac\LA_D_7623214.flac,2,4.0,6.0,1,1,0.7829387784004211
LA_D_7623214,Datasetasv19\LA\LA\ASVspoof2019_LA_dev\flac\LA_D_7623214.flac,3,6.0,8.0,1,1,0.5712725520133972
LA_D_7623214,Datasetasv19\LA\LA\ASVspoof2019_LA_dev\flac\LA_D_7623214.flac,4,8.0,10.0,1,1,0.44139719009399414
LA_D_7623214,Datasetasv19\LA\LA\ASVspoof2019_LA_dev\flac\LA_D_7623214.flac,5,10.0,12.0,1,1,0.5989985466003418
LA_D_7623214,Datasetasv19\LA\LA\ASVspoof2019_LA_dev\flac\LA_D_7623214.flac,6,12.0,14.0,1,1,0.6208451390266418
LA_D_7623214,Datasetasv19\LA\LA\ASVspoof2019_LA_dev\flac\LA_D_7623214.flac,7,14.0,16.0,1,1,0.6709467768669128
LA_D_8535380,Datasetasv19\LA\LA\ASVspoof2019_LA_dev\flac\LA_D_8535380.flac,0,0.0,2.0,1,0,0.20588074624538422
LA_D_8535380,Datasetasv19\LA\LA\ASVspoof2019_LA_dev\flac\LA_D_8535380.flac,1,2.0,4.0,1,1,0.26790833473205566
LA_D_8535380,Datasetasv19\LA\LA\ASVspoof2019_LA_dev\flac\LA_D_8535380.flac,2,4.0,6.0,1,1,0.2843568027019501
LA_D_8535380,Datasetasv19\LA\LA\ASVspoof2019_LA_dev\flac\LA_D_8535380.flac,3,6.0,8.0,1,1,0.3808656632900238
LA_D_8535380,Datasetasv19\LA\LA\ASVspoof2019_LA_dev\flac\LA_D_8535380.flac,4,8.0,10.0,1,1,0.3934687376022339
LA_D_8535380,Datasetasv19\LA\LA\ASVspoof2019_LA_dev\flac\LA_D_8535380.flac,5,10.0,12.0,1,1,0.39478981494903564
LA_D_8535380,Datasetasv19\LA\LA\ASVspoof2019_LA_dev\flac\LA_D_8535380.flac,6,12.0,14.0,1,1,0.3939409852027893
LA_D_8535380,Datasetasv19\LA\LA\ASVspoof2019_LA_dev\flac\LA_D_8535380.flac,7,14.0,16.0,1,1,0.4172697365283966
LA_D_3318711,Datasetasv19\LA\LA\ASVspoof2019_LA_dev\flac\LA_D_3318711.flac,0,0.0,2.0,1,1,0.6616679430007935
LA_D_3318711,Datasetasv19\LA\LA\ASVspoof2019_LA_dev\flac\LA_D_3318711.flac,1,2.0,4.0,1,1,0.9390519261360168
LA_D_3318711,Datasetasv19\LA\LA\ASVspoof2019_LA_dev\flac\LA_D_3318711.flac,2,4.0,6.0,1,1,0.9528474807739258
LA_D_3318711,Datasetasv19\LA\LA\ASVspoof2019_LA_dev\flac\LA_D_3318711.flac,3,6.0,8.0,1,1,0.8943015933036804
LA_D_3318711,Datasetasv19\LA\LA\ASVspoof2019_LA_dev\flac\LA_D_3318711.flac,4,8.0,10.0,1,1,0.8840134739875793
LA_D_3318711,Datasetasv19\LA\LA\ASVspoof2019_LA_dev\flac\LA_D_3318711.flac,5,10.0,12.0,1,1,0.8755106329917908
LA_D_3318711,Datasetasv19\LA\LA\ASVspoof2019_LA_dev\flac\LA_D_3318711.flac,6,12.0,14.0,1,1,0.885531485080719
LA_D_3318711,Datasetasv19\LA\LA\ASVspoof2019_LA_dev\flac\LA_D_3318711.flac,7,14.0,16.0,1,1,0.9185061454772949
LA_D_4157572,Datasetasv19\LA\LA\ASVspoof2019_LA_dev\flac\LA_D_4157572.flac,0,0.0,2.0,1,1,0.8259902000427246
LA_D_4157572,Datasetasv19\LA\LA\ASVspoof2019_LA_dev\flac\LA_D_4157572.flac,1,2.0,4.0,1,1,0.7055046558380127
LA_D_4157572,Datasetasv19\LA\LA\ASVspoof2019_LA_dev\flac\LA_D_4157572.flac,2,4.0,6.0,1,1,0.7854729890823364
LA_D_4157572,Datasetasv19\LA\LA\ASVspoof2019_LA_dev\flac\LA_D_4157572.flac,3,6.0,8.0,1,1,0.7710225582122803
LA_D_4157572,Datasetasv19\LA\LA\ASVspoof2019_LA_dev\flac\LA_D_4157572.flac,4,8.0,10.0,1,1,0.7582811713218689
LA_D_4157572,Datasetasv19\LA\LA\ASVspoof2019_LA_dev\flac\LA_D_4157572.flac,5,10.0,12.0,1,1,0.8445815443992615
LA_D_4157572,Datasetasv19\LA\LA\ASVspoof2019_LA_dev\flac\LA_D_4157572.flac,6,12.0,14.0,1,1,0.7322550415992737
LA_D_4157572,Datasetasv19\LA\LA\ASVspoof2019_LA_dev\flac\LA_D_4157572.flac,7,14.0,16.0,1,1,0.7707445025444031
LA_D_8536291,Datasetasv19\LA\LA\ASVspoof2019_LA_dev\flac\LA_D_8536291.flac,0,0.0,2.0,1,1,0.5264085531234741
LA_D_8536291,Datasetasv19\LA\LA\ASVspoof2019_LA_dev\flac\LA_D_8536291.flac,1,2.0,4.0,1,1,0.5264085531234741
LA_D_8536291,Datasetasv19\LA\LA\ASVspoof2019_LA_dev\flac\LA_D_8536291.flac,2,4.0,6.0,1,1,0.5264085531234741
LA_D_8536291,Datasetasv19\LA\LA\ASVspoof2019_LA_dev\flac\LA_D_8536291.flac,3,6.0,8.0,1,1,0.5264085531234741
LA_D_8536291,Datasetasv19\LA\LA\ASVspoof2019_LA_dev\flac\LA_D_8536291.flac,4,8.0,10.0,1,1,0.5264085531234741
LA_D_8536291,Datasetasv19\LA\LA\ASVspoof2019_LA_dev\flac\LA_D_8536291.flac,5,10.0,12.0,1,1,0.5264085531234741
LA_D_8536291,Datasetasv19\LA\LA\ASVspoof2019_LA_dev\flac\LA_D_8536291.flac,6,12.0,14.0,1,1,0.5264085531234741
LA_D_8536291,Datasetasv19\LA\LA\ASVspoof2019_LA_dev\flac\LA_D_8536291.flac,7,14.0,16.0,1,1,0.5264085531234741
LA_D_3727131,Datasetasv19\LA\LA\ASVspoof2019_LA_dev\flac\LA_D_3727131.flac,0,0.0,2.0,1,1,0.9978645443916321
LA_D_3727131,Datasetasv19\LA\LA\ASVspoof2019_LA_dev\flac\LA_D_3727131.flac,1,2.0,4.0,1,1,0.9983456134796143
LA_D_3727131,Datasetasv19\LA\LA\ASVspoof2019_LA_dev\flac\LA_D_3727131.flac,2,4.0,6.0,1,1,0.9983396530151367
LA_D_3727131,Datasetasv19\LA\LA\ASVspoof2019_LA_dev\flac\LA_D_3727131.flac,3,6.0,8.0,1,1,0.9967413544654846
LA_D_3727131,Datasetasv19\LA\LA\ASVspoof2019_LA_dev\flac\LA_D_3727131.flac,4,8.0,10.0,1,1,0.9983707070350647
LA_D_3727131,Datasetasv19\LA\LA\ASVspoof2019_LA_dev\flac\LA_D_3727131.flac,5,10.0,12.0,1,1,0.9979106783866882
LA_D_3727131,Datasetasv19\LA\LA\ASVspoof2019_LA_dev\flac\LA_D_3727131.flac,6,12.0,14.0,1,1,0.9981100559234619
LA_D_3727131,Datasetasv19\LA\LA\ASVspoof2019_LA_dev\flac\LA_D_3727131.flac,7,14.0,16.0,1,1,0.9984487295150757
LA_D_1136030,Datasetasv19\LA\LA\ASVspoof2019_LA_dev\flac\LA_D_1136030.flac,0,0.0,2.0,1,1,0.40271368622779846
LA_D_1136030,Datasetasv19\LA\LA\ASVspoof2019_LA_dev\flac\LA_D_1136030.flac,1,2.0,4.0,1,0,0.18940363824367523
LA_D_1136030,Datasetasv19\LA\LA\ASVspoof2019_LA_dev\flac\LA_D_1136030.flac,2,4.0,6.0,1,1,0.5126110315322876
LA_D_1136030,Datasetasv19\LA\LA\ASVspoof2019_LA_dev\flac\LA_D_1136030.flac,3,6.0,8.0,1,1,0.5141243934631348
LA_D_1136030,Datasetasv19\LA\LA\ASVspoof2019_LA_dev\flac\LA_D_1136030.flac,4,8.0,10.0,1,1,0.6845953464508057
LA_D_1136030,Datasetasv19\LA\LA\ASVspoof2019_LA_dev\flac\LA_D_1136030.flac,5,10.0,12.0,1,1,0.8250494003295898
LA_D_1136030,Datasetasv19\LA\LA\ASVspoof2019_LA_dev\flac\LA_D_1136030.flac,6,12.0,14.0,1,1,0.45242589712142944
LA_D_1136030,Datasetasv19\LA\LA\ASVspoof2019_LA_dev\flac\LA_D_1136030.flac,7,14.0,16.0,1,1,0.868098258972168
LA_D_5540152,Datasetasv19\LA\LA\ASVspoof2019_LA_dev\flac\LA_D_5540152.flac,0,0.0,2.0,0,0,0.21731802821159363
LA_D_5540152,Datasetasv19\LA\LA\ASVspoof2019_LA_dev\flac\LA_D_5540152.flac,1,2.0,4.0,0,0,0.0887012705206871
LA_D_5540152,Datasetasv19\LA\LA\ASVspoof2019_LA_dev\flac\LA_D_5540152.flac,2,4.0,6.0,0,1,0.3136810064315796
LA_D_5540152,Datasetasv19\LA\LA\ASVspoof2019_LA_dev\flac\LA_D_5540152.flac,3,6.0,8.0,0,1,0.26615625619888306
LA_D_5540152,Datasetasv19\LA\LA\ASVspoof2019_LA_dev\flac\LA_D_5540152.flac,4,8.0,10.0,0,1,0.40783238410949707
LA_D_5540152,Datasetasv19\LA\LA\ASVspoof2019_LA_dev\flac\LA_D_5540152.flac,5,10.0,12.0,0,0,0.24034486711025238
LA_D_5540152,Datasetasv19\LA\LA\ASVspoof2019_LA_dev\flac\LA_D_5540152.flac,6,12.0,14.0,0,0,0.21947114169597626
LA_D_5540152,Datasetasv19\LA\LA\ASVspoof2019_LA_dev\flac\LA_D_5540152.flac,7,14.0,16.0,0,0,0.12474530190229416
LA_D_4443630,Datasetasv19\LA\LA\ASVspoof2019_LA_dev\flac\LA_D_4443630.flac,0,0.0,2.0,0,0,0.007113516330718994
LA_D_4443630,Datasetasv19\LA\LA\ASVspoof2019_LA_dev\flac\LA_D_4443630.flac,1,2.0,4.0,0,0,0.0043630884028971195
LA_D_4443630,Datasetasv19\LA\LA\ASVspoof2019_LA_dev\flac\LA_D_4443630.flac,2,4.0,6.0,0,0,0.0030962463933974504
LA_D_4443630,Datasetasv19\LA\LA\ASVspoof2019_LA_dev\flac\LA_D_4443630.flac,3,6.0,8.0,0,0,0.014273357577621937
LA_D_4443630,Datasetasv19\LA\LA\ASVspoof2019_LA_dev\flac\LA_D_4443630.flac,4,8.0,10.0,0,0,0.011304530315101147
LA_D_4443630,Datasetasv19\LA\LA\ASVspoof2019_LA_dev\flac\LA_D_4443630.flac,5,10.0,12.0,0,0,0.05108383670449257
LA_D_4443630,Datasetasv19\LA\LA\ASVspoof2019_LA_dev\flac\LA_D_4443630.flac,6,12.0,14.0,0,0,0.05934420973062515
LA_D_4443630,Datasetasv19\LA\LA\ASVspoof2019_LA_dev\flac\LA_D_4443630.flac,7,14.0,16.0,0,0,0.0335402712225914
LA_D_1361600,Datasetasv19\LA\LA\ASVspoof2019_LA_dev\flac\LA_D_1361600.flac,0,0.0,2.0,1,1,0.7125482559204102
LA_D_1361600,Datasetasv19\LA\LA\ASVspoof2019_LA_dev\flac\LA_D_1361600.flac,1,2.0,4.0,1,1,0.7244261503219604
LA_D_1361600,Datasetasv19\LA\LA\ASVspoof2019_LA_dev\flac\LA_D_1361600.flac,2,4.0,6.0,1,1,0.3703361451625824
LA_D_1361600,Datasetasv19\LA\LA\ASVspoof2019_LA_dev\flac\LA_D_1361600.flac,3,6.0,8.0,1,1,0.5192490816116333
LA_D_1361600,Datasetasv19\LA\LA\ASVspoof2019_LA_dev\flac\LA_D_1361600.flac,4,8.0,10.0,1,1,0.6063201427459717
LA_D_1361600,Datasetasv19\LA\LA\ASVspoof2019_LA_dev\flac\LA_D_1361600.flac,5,10.0,12.0,1,1,0.6950579285621643
LA_D_1361600,Datasetasv19\LA\LA\ASVspoof2019_LA_dev\flac\LA_D_1361600.flac,6,12.0,14.0,1,1,0.7107166647911072
LA_D_1361600,Datasetasv19\LA\LA\ASVspoof2019_LA_dev\flac\LA_D_1361600.flac,7,14.0,16.0,1,1,0.5910703539848328
LA_D_2821157,Datasetasv19\LA\LA\ASVspoof2019_LA_dev\flac\LA_D_2821157.flac,0,0.0,2.0,1,1,0.7189753651618958
LA_D_2821157,Datasetasv19\LA\LA\ASVspoof2019_LA_dev\flac\LA_D_2821157.flac,1,2.0,4.0,1,1,0.8672304153442383
LA_D_2821157,Datasetasv19\LA\LA\ASVspoof2019_LA_dev\flac\LA_D_2821157.flac,2,4.0,6.0,1,1,0.9459315538406372
LA_D_2821157,Datasetasv19\LA\LA\ASVspoof2019_LA_dev\flac\LA_D_2821157.flac,3,6.0,8.0,1,1,0.9621340036392212
LA_D_2821157,Datasetasv19\LA\LA\ASVspoof2019_LA_dev\flac\LA_D_2821157.flac,4,8.0,10.0,1,1,0.9779012203216553
LA_D_2821157,Datasetasv19\LA\LA\ASVspoof2019_LA_dev\flac\LA_D_2821157.flac,5,10.0,12.0,1,1,0.9671428203582764
LA_D_2821157,Datasetasv19\LA\LA\ASVspoof2019_LA_dev\flac\LA_D_2821157.flac,6,12.0,14.0,1,1,0.8609009981155396
LA_D_2821157,Datasetasv19\LA\LA\ASVspoof2019_LA_dev\flac\LA_D_2821157.flac,7,14.0,16.0,1,1,0.6540707945823669
LA_D_2197517,Datasetasv19\LA\LA\ASVspoof2019_LA_dev\flac\LA_D_2197517.flac,0,0.0,2.0,1,1,0.9988282322883606
LA_D_2197517,Datasetasv19\LA\LA\ASVspoof2019_LA_dev\flac\LA_D_2197517.flac,1,2.0,4.0,1,1,0.9994527697563171
LA_D_2197517,Datasetasv19\LA\LA\ASVspoof2019_LA_dev\flac\LA_D_2197517.flac,2,4.0,6.0,1,1,0.9992695450782776
LA_D_2197517,Datasetasv19\LA\LA\ASVspoof2019_LA_dev\flac\LA_D_2197517.flac,3,6.0,8.0,1,1,0.9987455606460571
LA_D_2197517,Datasetasv19\LA\LA\ASVspoof2019_LA_dev\flac\LA_D_2197517.flac,4,8.0,10.0,1,1,0.9993727803230286
LA_D_2197517,Datasetasv19\LA\LA\ASVspoof2019_LA_dev\flac\LA_D_2197517.flac,5,10.0,12.0,1,1,0.9994875192642212
LA_D_2197517,Datasetasv19\LA\LA\ASVspoof2019_LA_dev\flac\LA_D_2197517.flac,6,12.0,14.0,1,1,0.9976275563240051
LA_D_2197517,Datasetasv19\LA\LA\ASVspoof2019_LA_dev\flac\LA_D_2197517.flac,7,14.0,16.0,1,1,0.9984374642372131
LA_D_9475381,Datasetasv19\LA\LA\ASVspoof2019_LA_dev\flac\LA_D_9475381.flac,0,0.0,2.0,1,1,0.3904288411140442
LA_D_9475381,Datasetasv19\LA\LA\ASVspoof2019_LA_dev\flac\LA_D_9475381.flac,1,2.0,4.0,1,1,0.28873398900032043
LA_D_9475381,Datasetasv19\LA\LA\ASVspoof2019_LA_dev\flac\LA_D_9475381.flac,2,4.0,6.0,1,1,0.8177898526191711
LA_D_9475381,Datasetasv19\LA\LA\ASVspoof2019_LA_dev\flac\LA_D_9475381.flac,3,6.0,8.0,1,1,0.7663341760635376
LA_D_9475381,Datasetasv19\LA\LA\ASVspoof2019_LA_dev\flac\LA_D_9475381.flac,4,8.0,10.0,1,1,0.7002891302108765
LA_D_9475381,Datasetasv19\LA\LA\ASVspoof2019_LA_dev\flac\LA_D_9475381.flac,5,10.0,12.0,1,1,0.7511067390441895
LA_D_9475381,Datasetasv19\LA\LA\ASVspoof2019_LA_dev\flac\LA_D_9475381.flac,6,12.0,14.0,1,1,0.7221672534942627
LA_D_9475381,Datasetasv19\LA\LA\ASVspoof2019_LA_dev\flac\LA_D_9475381.flac,7,14.0,16.0,1,1,0.6407891511917114
LA_D_5384711,Datasetasv19\LA\LA\ASVspoof2019_LA_dev\flac\LA_D_5384711.flac,0,0.0,2.0,1,0,0.22932273149490356
LA_D_5384711,Datasetasv19\LA\LA\ASVspoof2019_LA_dev\flac\LA_D_5384711.flac,1,2.0,4.0,1,1,0.6218835115432739
LA_D_5384711,Datasetasv19\LA\LA\ASVspoof2019_LA_dev\flac\LA_D_5384711.flac,2,4.0,6.0,1,1,0.5572074055671692
LA_D_5384711,Datasetasv19\LA\LA\ASVspoof2019_LA_dev\flac\LA_D_5384711.flac,3,6.0,8.0,1,1,0.6038820147514343
LA_D_5384711,Datasetasv19\LA\LA\ASVspoof2019_LA_dev\flac\LA_D_5384711.flac,4,8.0,10.0,1,1,0.6675726771354675
LA_D_5384711,Datasetasv19\LA\LA\ASVspoof2019_LA_dev\flac\LA_D_5384711.flac,5,10.0,12.0,1,1,0.6924924254417419
LA_D_5384711,Datasetasv19\LA\LA\ASVspoof2019_LA_dev\flac\LA_D_5384711.flac,6,12.0,14.0,1,1,0.640877366065979
LA_D_5384711,Datasetasv19\LA\LA\ASVspoof2019_LA_dev\flac\LA_D_5384711.flac,7,14.0,16.0,1,1,0.6350245475769043
LA_D_9793796,Datasetasv19\LA\LA\ASVspoof2019_LA_dev\flac\LA_D_9793796.flac,0,0.0,2.0,1,1,0.8246273994445801
LA_D_9793796,Datasetasv19\LA\LA\ASVspoof2019_LA_dev\flac\LA_D_9793796.flac,1,2.0,4.0,1,1,0.8246273994445801
LA_D_9793796,Datasetasv19\LA\LA\ASVspoof2019_LA_dev\flac\LA_D_9793796.flac,2,4.0,6.0,1,1,0.8246273994445801
LA_D_9793796,Datasetasv19\LA\LA\ASVspoof2019_LA_dev\flac\LA_D_9793796.flac,3,6.0,8.0,1,1,0.8246273994445801
LA_D_9793796,Datasetasv19\LA\LA\ASVspoof2019_LA_dev\flac\LA_D_9793796.flac,4,8.0,10.0,1,1,0.8246273994445801
LA_D_9793796,Datasetasv19\LA\LA\ASVspoof2019_LA_dev\flac\LA_D_9793796.flac,5,10.0,12.0,1,1,0.8246273994445801
LA_D_9793796,Datasetasv19\LA\LA\ASVspoof2019_LA_dev\flac\LA_D_9793796.flac,6,12.0,14.0,1,1,0.8246273994445801
LA_D_9793796,Datasetasv19\LA\LA\ASVspoof2019_LA_dev\flac\LA_D_9793796.flac,7,14.0,16.0,1,1,0.8246273994445801
LA_D_6171581,Datasetasv19\LA\LA\ASVspoof2019_LA_dev\flac\LA_D_6171581.flac,0,0.0,2.0,1,1,0.7959356904029846
LA_D_6171581,Datasetasv19\LA\LA\ASVspoof2019_LA_dev\flac\LA_D_6171581.flac,1,2.0,4.0,1,1,0.7868898510932922
LA_D_6171581,Datasetasv19\LA\LA\ASVspoof2019_LA_dev\flac\LA_D_6171581.flac,2,4.0,6.0,1,1,0.9298380017280579
LA_D_6171581,Datasetasv19\LA\LA\ASVspoof2019_LA_dev\flac\LA_D_6171581.flac,3,6.0,8.0,1,1,0.9756510853767395
LA_D_6171581,Datasetasv19\LA\LA\ASVspoof2019_LA_dev\flac\LA_D_6171581.flac,4,8.0,10.0,1,1,0.9426066279411316
LA_D_6171581,Datasetasv19\LA\LA\ASVspoof2019_LA_dev\flac\LA_D_6171581.flac,5,10.0,12.0,1,1,0.9695690870285034
LA_D_6171581,Datasetasv19\LA\LA\ASVspoof2019_LA_dev\flac\LA_D_6171581.flac,6,12.0,14.0,1,1,0.9546402096748352
LA_D_6171581,Datasetasv19\LA\LA\ASVspoof2019_LA_dev\flac\LA_D_6171581.flac,7,14.0,16.0,1,1,0.9723386764526367
LA_D_7279307,Datasetasv19\LA\LA\ASVspoof2019_LA_dev\flac\LA_D_7279307.flac,0,0.0,2.0,1,1,0.977997362613678
LA_D_7279307,Datasetasv19\LA\LA\ASVspoof2019_LA_dev\flac\LA_D_7279307.flac,1,2.0,4.0,1,1,0.982006847858429
LA_D_7279307,Datasetasv19\LA\LA\ASVspoof2019_LA_dev\flac\LA_D_7279307.flac,2,4.0,6.0,1,1,0.9918949007987976
LA_D_7279307,Datasetasv19\LA\LA\ASVspoof2019_LA_dev\flac\LA_D_7279307.flac,3,6.0,8.0,1,1,0.9907476902008057
LA_D_7279307,Datasetasv19\LA\LA\ASVspoof2019_LA_dev\flac\LA_D_7279307.flac,4,8.0,10.0,1,1,0.9935736060142517
LA_D_7279307,Datasetasv19\LA\LA\ASVspoof2019_LA_dev\flac\LA_D_7279307.flac,5,10.0,12.0,1,1,0.9796653389930725
LA_D_7279307,Datasetasv19\LA\LA\ASVspoof2019_LA_dev\flac\LA_D_7279307.flac,6,12.0,14.0,1,1,0.9879636764526367
LA_D_7279307,Datasetasv19\LA\LA\ASVspoof2019_LA_dev\flac\LA_D_7279307.flac,7,14.0,16.0,1,1,0.9813685417175293
LA_D_6138469,Datasetasv19\LA\LA\ASVspoof2019_LA_dev\flac\LA_D_6138469.flac,0,0.0,2.0,1,1,0.4400840401649475
LA_D_6138469,Datasetasv19\LA\LA\ASVspoof2019_LA_dev\flac\LA_D_6138469.flac,1,2.0,4.0,1,1,0.787405252456665
LA_D_6138469,Datasetasv19\LA\LA\ASVspoof2019_LA_dev\flac\LA_D_6138469.flac,2,4.0,6.0,1,1,0.8829420208930969
LA_D_6138469,Datasetasv19\LA\LA\ASVspoof2019_LA_dev\flac\LA_D_6138469.flac,3,6.0,8.0,1,1,0.28660598397254944
LA_D_6138469,Datasetasv19\LA\LA\ASVspoof2019_LA_dev\flac\LA_D_6138469.flac,4,8.0,10.0,1,0,0.0427674725651741
LA_D_6138469,Datasetasv19\LA\LA\ASVspoof2019_LA_dev\flac\LA_D_6138469.flac,5,10.0,12.0,1,0,0.04067540541291237
LA_D_6138469,Datasetasv19\LA\LA\ASVspoof2019_LA_dev\flac\LA_D_6138469.flac,6,12.0,14.0,1,0,0.10184691846370697
LA_D_6138469,Datasetasv19\LA\LA\ASVspoof2019_LA_dev\flac\LA_D_6138469.flac,7,14.0,16.0,1,0,0.04659014567732811
LA_D_1685766,Datasetasv19\LA\LA\ASVspoof2019_LA_dev\flac\LA_D_1685766.flac,0,0.0,2.0,1,1,0.35371139645576477
LA_D_1685766,Datasetasv19\LA\LA\ASVspoof2019_LA_dev\flac\LA_D_1685766.flac,1,2.0,4.0,1,1,0.4477008879184723
LA_D_1685766,Datasetasv19\LA\LA\ASVspoof2019_LA_dev\flac\LA_D_1685766.flac,2,4.0,6.0,1,1,0.47987329959869385
LA_D_1685766,Datasetasv19\LA\LA\ASVspoof2019_LA_dev\flac\LA_D_1685766.flac,3,6.0,8.0,1,1,0.4944722056388855
LA_D_1685766,Datasetasv19\LA\LA\ASVspoof2019_LA_dev\flac\LA_D_1685766.flac,4,8.0,10.0,1,1,0.5030436515808105
LA_D_1685766,Datasetasv19\LA\LA\ASVspoof2019_LA_dev\flac\LA_D_1685766.flac,5,10.0,12.0,1,1,0.5420867800712585
LA_D_1685766,Datasetasv19\LA\LA\ASVspoof2019_LA_dev\flac\LA_D_1685766.flac,6,12.0,14.0,1,1,0.5480968952178955
LA_D_1685766,Datasetasv19\LA\LA\ASVspoof2019_LA_dev\flac\LA_D_1685766.flac,7,14.0,16.0,1,1,0.5424247980117798
LA_D_1423006,Datasetasv19\LA\LA\ASVspoof2019_LA_dev\flac\LA_D_1423006.flac,0,0.0,2.0,0,0,0.09243925660848618
LA_D_1423006,Datasetasv19\LA\LA\ASVspoof2019_LA_dev\flac\LA_D_1423006.flac,1,2.0,4.0,0,0,0.1324462592601776
LA_D_1423006,Datasetasv19\LA\LA\ASVspoof2019_LA_dev\flac\LA_D_1423006.flac,2,4.0,6.0,0,0,0.1213020384311676
LA_D_1423006,Datasetasv19\LA\LA\ASVspoof2019_LA_dev\flac\LA_D_1423006.flac,3,6.0,8.0,0,0,0.1648961901664734
LA_D_1423006,Datasetasv19\LA\LA\ASVspoof2019_LA_dev\flac\LA_D_1423006.flac,4,8.0,10.0,0,0,0.13611838221549988
LA_D_1423006,Datasetasv19\LA\LA\ASVspoof2019_LA_dev\flac\LA_D_1423006.flac,5,10.0,12.0,0,0,0.11931804567575455
LA_D_1423006,Datasetasv19\LA\LA\ASVspoof2019_LA_dev\flac\LA_D_1423006.flac,6,12.0,14.0,0,1,0.32163310050964355
LA_D_1423006,Datasetasv19\LA\LA\ASVspoof2019_LA_dev\flac\LA_D_1423006.flac,7,14.0,16.0,0,1,0.29844239354133606
LA_D_6106693,Datasetasv19\LA\LA\ASVspoof2019_LA_dev\flac\LA_D_6106693.flac,0,0.0,2.0,1,1,0.9933494925498962
LA_D_6106693,Datasetasv19\LA\LA\ASVspoof2019_LA_dev\flac\LA_D_6106693.flac,1,2.0,4.0,1,1,0.9957614541053772
LA_D_6106693,Datasetasv19\LA\LA\ASVspoof2019_LA_dev\flac\LA_D_6106693.flac,2,4.0,6.0,1,1,0.9923710823059082
LA_D_6106693,Datasetasv19\LA\LA\ASVspoof2019_LA_dev\flac\LA_D_6106693.flac,3,6.0,8.0,1,1,0.9896271228790283
LA_D_6106693,Datasetasv19\LA\LA\ASVspoof2019_LA_dev\flac\LA_D_6106693.flac,4,8.0,10.0,1,1,0.9855092167854309
LA_D_6106693,Datasetasv19\LA\LA\ASVspoof2019_LA_dev\flac\LA_D_6106693.flac,5,10.0,12.0,1,1,0.99391770362854
LA_D_6106693,Datasetasv19\LA\LA\ASVspoof2019_LA_dev\flac\LA_D_6106693.flac,6,12.0,14.0,1,1,0.9895069003105164
LA_D_6106693,Datasetasv19\LA\LA\ASVspoof2019_LA_dev\flac\LA_D_6106693.flac,7,14.0,16.0,1,1,0.9967124462127686
LA_D_9192908,Datasetasv19\LA\LA\ASVspoof2019_LA_dev\flac\LA_D_9192908.flac,0,0.0,2.0,1,1,0.9762029647827148
LA_D_9192908,Datasetasv19\LA\LA\ASVspoof2019_LA_dev\flac\LA_D_9192908.flac,1,2.0,4.0,1,1,0.9813451766967773
LA_D_9192908,Datasetasv19\LA\LA\ASVspoof2019_LA_dev\flac\LA_D_9192908.flac,2,4.0,6.0,1,1,0.9651188254356384
LA_D_9192908,Datasetasv19\LA\LA\ASVspoof2019_LA_dev\flac\LA_D_9192908.flac,3,6.0,8.0,1,1,0.9354435801506042
LA_D_9192908,Datasetasv19\LA\LA\ASVspoof2019_LA_dev\flac\LA_D_9192908.flac,4,8.0,10.0,1,1,0.9700855016708374
LA_D_9192908,Datasetasv19\LA\LA\ASVspoof2019_LA_dev\flac\LA_D_9192908.flac,5,10.0,12.0,1,1,0.9742034673690796
LA_D_9192908,Datasetasv19\LA\LA\ASVspoof2019_LA_dev\flac\LA_D_9192908.flac,6,12.0,14.0,1,1,0.9805667400360107
LA_D_9192908,Datasetasv19\LA\LA\ASVspoof2019_LA_dev\flac\LA_D_9192908.flac,7,14.0,16.0,1,1,0.9816491007804871
LA_D_5166256,Datasetasv19\LA\LA\ASVspoof2019_LA_dev\flac\LA_D_5166256.flac,0,0.0,2.0,1,1,0.5899884104728699
LA_D_5166256,Datasetasv19\LA\LA\ASVspoof2019_LA_dev\flac\LA_D_5166256.flac,1,2.0,4.0,1,1,0.6563535332679749
LA_D_5166256,Datasetasv19\LA\LA\ASVspoof2019_LA_dev\flac\LA_D_5166256.flac,2,4.0,6.0,1,1,0.6057204008102417
LA_D_5166256,Datasetasv19\LA\LA\ASVspoof2019_LA_dev\flac\LA_D_5166256.flac,3,6.0,8.0,1,1,0.6116843223571777
LA_D_5166256,Datasetasv19\LA\LA\ASVspoof2019_LA_dev\flac\LA_D_5166256.flac,4,8.0,10.0,1,1,0.5556555986404419
LA_D_5166256,Datasetasv19\LA\LA\ASVspoof2019_LA_dev\flac\LA_D_5166256.flac,5,10.0,12.0,1,1,0.5019521713256836
LA_D_5166256,Datasetasv19\LA\LA\ASVspoof2019_LA_dev\flac\LA_D_5166256.flac,6,12.0,14.0,1,1,0.5467585325241089
LA_D_5166256,Datasetasv19\LA\LA\ASVspoof2019_LA_dev\flac\LA_D_5166256.flac,7,14.0,16.0,1,1,0.5859169960021973
LA_D_2000931,Datasetasv19\LA\LA\ASVspoof2019_LA_dev\flac\LA_D_2000931.flac,0,0.0,2.0,1,1,0.9483064413070679
LA_D_2000931,Datasetasv19\LA\LA\ASVspoof2019_LA_dev\flac\LA_D_2000931.flac,1,2.0,4.0,1,1,0.976718544960022
LA_D_2000931,Datasetasv19\LA\LA\ASVspoof2019_LA_dev\flac\LA_D_2000931.flac,2,4.0,6.0,1,1,0.9680275321006775
LA_D_2000931,Datasetasv19\LA\LA\ASVspoof2019_LA_dev\flac\LA_D_2000931.flac,3,6.0,8.0,1,1,0.9627266526222229
LA_D_2000931,Datasetasv19\LA\LA\ASVspoof2019_LA_dev\flac\LA_D_2000931.flac,4,8.0,10.0,1,1,0.9673585295677185
LA_D_2000931,Datasetasv19\LA\LA\ASVspoof2019_LA_dev\flac\LA_D_2000931.flac,5,10.0,12.0,1,1,0.952035129070282
LA_D_2000931,Datasetasv19\LA\LA\ASVspoof2019_LA_dev\flac\LA_D_2000931.flac,6,12.0,14.0,1,1,0.9855009913444519
LA_D_2000931,Datasetasv19\LA\LA\ASVspoof2019_LA_dev\flac\LA_D_2000931.flac,7,14.0,16.0,1,1,0.9747223854064941
LA_D_2302613,Datasetasv19\LA\LA\ASVspoof2019_LA_dev\flac\LA_D_2302613.flac,0,0.0,2.0,0,0,0.01495405938476324
LA_D_2302613,Datasetasv19\LA\LA\ASVspoof2019_LA_dev\flac\LA_D_2302613.flac,1,2.0,4.0,0,0,0.009462829679250717
LA_D_2302613,Datasetasv19\LA\LA\ASVspoof2019_LA_dev\flac\LA_D_2302613.flac,2,4.0,6.0,0,0,0.01447539683431387
LA_D_2302613,Datasetasv19\LA\LA\ASVspoof2019_LA_dev\flac\LA_D_2302613.flac,3,6.0,8.0,0,0,0.05516419932246208
LA_D_2302613,Datasetasv19\LA\LA\ASVspoof2019_LA_dev\flac\LA_D_2302613.flac,4,8.0,10.0,0,0,0.03199191763997078
LA_D_2302613,Datasetasv19\LA\LA\ASVspoof2019_LA_dev\flac\LA_D_2302613.flac,5,10.0,12.0,0,0,0.04414885863661766
LA_D_2302613,Datasetasv19\LA\LA\ASVspoof2019_LA_dev\flac\LA_D_2302613.flac,6,12.0,14.0,0,0,0.10604526102542877
LA_D_2302613,Datasetasv19\LA\LA\ASVspoof2019_LA_dev\flac\LA_D_2302613.flac,7,14.0,16.0,0,0,0.17662915587425232
LA_D_3355151,Datasetasv19\LA\LA\ASVspoof2019_LA_dev\flac\LA_D_3355151.flac,0,0.0,2.0,1,1,0.9367097616195679
LA_D_3355151,Datasetasv19\LA\LA\ASVspoof2019_LA_dev\flac\LA_D_3355151.flac,1,2.0,4.0,1,1,0.9552424550056458
LA_D_3355151,Datasetasv19\LA\LA\ASVspoof2019_LA_dev\flac\LA_D_3355151.flac,2,4.0,6.0,1,1,0.9610220789909363
LA_D_3355151,Datasetasv19\LA\LA\ASVspoof2019_LA_dev\flac\LA_D_3355151.flac,3,6.0,8.0,1,1,0.8992471098899841
LA_D_3355151,Datasetasv19\LA\LA\ASVspoof2019_LA_dev\flac\LA_D_3355151.flac,4,8.0,10.0,1,1,0.8917111158370972
LA_D_3355151,Datasetasv19\LA\LA\ASVspoof2019_LA_dev\flac\LA_D_3355151.flac,5,10.0,12.0,1,1,0.8823564052581787
LA_D_3355151,Datasetasv19\LA\LA\ASVspoof2019_LA_dev\flac\LA_D_3355151.flac,6,12.0,14.0,1,1,0.7804750204086304
LA_D_3355151,Datasetasv19\LA\LA\ASVspoof2019_LA_dev\flac\LA_D_3355151.flac,7,14.0,16.0,1,1,0.8322557806968689
LA_D_8815416,Datasetasv19\LA\LA\ASVspoof2019_LA_dev\flac\LA_D_8815416.flac,0,0.0,2.0,1,1,0.3977546691894531
LA_D_8815416,Datasetasv19\LA\LA\ASVspoof2019_LA_dev\flac\LA_D_8815416.flac,1,2.0,4.0,1,1,0.5373125076293945
LA_D_8815416,Datasetasv19\LA\LA\ASVspoof2019_LA_dev\flac\LA_D_8815416.flac,2,4.0,6.0,1,1,0.43992879986763
LA_D_8815416,Datasetasv19\LA\LA\ASVspoof2019_LA_dev\flac\LA_D_8815416.flac,3,6.0,8.0,1,1,0.3296113908290863
LA_D_8815416,Datasetasv19\LA\LA\ASVspoof2019_LA_dev\flac\LA_D_8815416.flac,4,8.0,10.0,1,1,0.43447145819664
LA_D_8815416,Datasetasv19\LA\LA\ASVspoof2019_LA_dev\flac\LA_D_8815416.flac,5,10.0,12.0,1,1,0.6141911745071411
LA_D_8815416,Datasetasv19\LA\LA\ASVspoof2019_LA_dev\flac\LA_D_8815416.flac,6,12.0,14.0,1,1,0.6452158093452454
LA_D_8815416,Datasetasv19\LA\LA\ASVspoof2019_LA_dev\flac\LA_D_8815416.flac,7,14.0,16.0,1,1,0.7724058628082275
LA_D_8785732,Datasetasv19\LA\LA\ASVspoof2019_LA_dev\flac\LA_D_8785732.flac,0,0.0,2.0,1,1,0.37914058566093445
LA_D_8785732,Datasetasv19\LA\LA\ASVspoof2019_LA_dev\flac\LA_D_8785732.flac,1,2.0,4.0,1,1,0.6706771850585938
LA_D_8785732,Datasetasv19\LA\LA\ASVspoof2019_LA_dev\flac\LA_D_8785732.flac,2,4.0,6.0,1,1,0.7537724375724792
LA_D_8785732,Datasetasv19\LA\LA\ASVspoof2019_LA_dev\flac\LA_D_8785732.flac,3,6.0,8.0,1,1,0.7878977060317993
LA_D_8785732,Datasetasv19\LA\LA\ASVspoof2019_LA_dev\flac\LA_D_8785732.flac,4,8.0,10.0,1,1,0.8322805166244507
LA_D_8785732,Datasetasv19\LA\LA\ASVspoof2019_LA_dev\flac\LA_D_8785732.flac,5,10.0,12.0,1,1,0.7652773857116699
LA_D_8785732,Datasetasv19\LA\LA\ASVspoof2019_LA_dev\flac\LA_D_8785732.flac,6,12.0,14.0,1,1,0.6665322184562683
LA_D_8785732,Datasetasv19\LA\LA\ASVspoof2019_LA_dev\flac\LA_D_8785732.flac,7,14.0,16.0,1,1,0.498678058385849
LA_D_8792415,Datasetasv19\LA\LA\ASVspoof2019_LA_dev\flac\LA_D_8792415.flac,0,0.0,2.0,1,1,0.9990992546081543
LA_D_8792415,Datasetasv19\LA\LA\ASVspoof2019_LA_dev\flac\LA_D_8792415.flac,1,2.0,4.0,1,1,0.9998013377189636
LA_D_8792415,Datasetasv19\LA\LA\ASVspoof2019_LA_dev\flac\LA_D_8792415.flac,2,4.0,6.0,1,1,0.9997046589851379
LA_D_8792415,Datasetasv19\LA\LA\ASVspoof2019_LA_dev\flac\LA_D_8792415.flac,3,6.0,8.0,1,1,0.9999314546585083
LA_D_8792415,Datasetasv19\LA\LA\ASVspoof2019_LA_dev\flac\LA_D_8792415.flac,4,8.0,10.0,1,1,0.9998854398727417
LA_D_8792415,Datasetasv19\LA\LA\ASVspoof2019_LA_dev\flac\LA_D_8792415.flac,5,10.0,12.0,1,1,0.9999675750732422
LA_D_8792415,Datasetasv19\LA\LA\ASVspoof2019_LA_dev\flac\LA_D_8792415.flac,6,12.0,14.0,1,1,0.9997777342796326
LA_D_8792415,Datasetasv19\LA\LA\ASVspoof2019_LA_dev\flac\LA_D_8792415.flac,7,14.0,16.0,1,1,0.9991857409477234
LA_D_3994693,Datasetasv19\LA\LA\ASVspoof2019_LA_dev\flac\LA_D_3994693.flac,0,0.0,2.0,0,0,0.15833032131195068
LA_D_3994693,Datasetasv19\LA\LA\ASVspoof2019_LA_dev\flac\LA_D_3994693.flac,1,2.0,4.0,0,0,0.20471878349781036
LA_D_3994693,Datasetasv19\LA\LA\ASVspoof2019_LA_dev\flac\LA_D_3994693.flac,2,4.0,6.0,0,0,0.06673136353492737
LA_D_3994693,Datasetasv19\LA\LA\ASVspoof2019_LA_dev\flac\LA_D_3994693.flac,3,6.0,8.0,0,0,0.0853276327252388
LA_D_3994693,Datasetasv19\LA\LA\ASVspoof2019_LA_dev\flac\LA_D_3994693.flac,4,8.0,10.0,0,0,0.07083761692047119
LA_D_3994693,Datasetasv19\LA\LA\ASVspoof2019_LA_dev\flac\LA_D_3994693.flac,5,10.0,12.0,0,0,0.02817722037434578
LA_D_3994693,Datasetasv19\LA\LA\ASVspoof2019_LA_dev\flac\LA_D_3994693.flac,6,12.0,14.0,0,0,0.06610012799501419
LA_D_3994693,Datasetasv19\LA\LA\ASVspoof2019_LA_dev\flac\LA_D_3994693.flac,7,14.0,16.0,0,0,0.2024020254611969
LA_D_9271439,Datasetasv19\LA\LA\ASVspoof2019_LA_dev\flac\LA_D_9271439.flac,0,0.0,2.0,1,1,0.9290874600410461
LA_D_9271439,Datasetasv19\LA\LA\ASVspoof2019_LA_dev\flac\LA_D_9271439.flac,1,2.0,4.0,1,1,0.9916425943374634
LA_D_9271439,Datasetasv19\LA\LA\ASVspoof2019_LA_dev\flac\LA_D_9271439.flac,2,4.0,6.0,1,1,0.9980306029319763
LA_D_9271439,Datasetasv19\LA\LA\ASVspoof2019_LA_dev\flac\LA_D_9271439.flac,3,6.0,8.0,1,1,0.9996979236602783
LA_D_9271439,Datasetasv19\LA\LA\ASVspoof2019_LA_dev\flac\LA_D_9271439.flac,4,8.0,10.0,1,1,0.9990988969802856
LA_D_9271439,Datasetasv19\LA\LA\ASVspoof2019_LA_dev\flac\LA_D_9271439.flac,5,10.0,12.0,1,1,0.9988644123077393
LA_D_9271439,Datasetasv19\LA\LA\ASVspoof2019_LA_dev\flac\LA_D_9271439.flac,6,12.0,14.0,1,1,0.9993531107902527
LA_D_9271439,Datasetasv19\LA\LA\ASVspoof2019_LA_dev\flac\LA_D_9271439.flac,7,14.0,16.0,1,1,0.9942997694015503
LA_D_4031301,Datasetasv19\LA\LA\ASVspoof2019_LA_dev\flac\LA_D_4031301.flac,0,0.0,2.0,1,1,0.9823859333992004
LA_D_4031301,Datasetasv19\LA\LA\ASVspoof2019_LA_dev\flac\LA_D_4031301.flac,1,2.0,4.0,1,1,0.9920958876609802
LA_D_4031301,Datasetasv19\LA\LA\ASVspoof2019_LA_dev\flac\LA_D_4031301.flac,2,4.0,6.0,1,1,0.9916850328445435
LA_D_4031301,Datasetasv19\LA\LA\ASVspoof2019_LA_dev\flac\LA_D_4031301.flac,3,6.0,8.0,1,1,0.9991450309753418
LA_D_4031301,Datasetasv19\LA\LA\ASVspoof2019_LA_dev\flac\LA_D_4031301.flac,4,8.0,10.0,1,1,0.9990257024765015
LA_D_4031301,Datasetasv19\LA\LA\ASVspoof2019_LA_dev\flac\LA_D_4031301.flac,5,10.0,12.0,1,1,0.9986373782157898
LA_D_4031301,Datasetasv19\LA\LA\ASVspoof2019_LA_dev\flac\LA_D_4031301.flac,6,12.0,14.0,1,1,0.9994773268699646
LA_D_4031301,Datasetasv19\LA\LA\ASVspoof2019_LA_dev\flac\LA_D_4031301.flac,7,14.0,16.0,1,1,0.9990007281303406
LA_D_4171217,Datasetasv19\LA\LA\ASVspoof2019_LA_dev\flac\LA_D_4171217.flac,0,0.0,2.0,1,0,0.1483406275510788
LA_D_4171217,Datasetasv19\LA\LA\ASVspoof2019_LA_dev\flac\LA_D_4171217.flac,1,2.0,4.0,1,0,0.2070196121931076
LA_D_4171217,Datasetasv19\LA\LA\ASVspoof2019_LA_dev\flac\LA_D_4171217.flac,2,4.0,6.0,1,1,0.3069201409816742
LA_D_4171217,Datasetasv19\LA\LA\ASVspoof2019_LA_dev\flac\LA_D_4171217.flac,3,6.0,8.0,1,1,0.484241247177124
LA_D_4171217,Datasetasv19\LA\LA\ASVspoof2019_LA_dev\flac\LA_D_4171217.flac,4,8.0,10.0,1,1,0.6198749542236328
LA_D_4171217,Datasetasv19\LA\LA\ASVspoof2019_LA_dev\flac\LA_D_4171217.flac,5,10.0,12.0,1,1,0.5469516515731812
LA_D_4171217,Datasetasv19\LA\LA\ASVspoof2019_LA_dev\flac\LA_D_4171217.flac,6,12.0,14.0,1,1,0.5757479071617126
LA_D_4171217,Datasetasv19\LA\LA\ASVspoof2019_LA_dev\flac\LA_D_4171217.flac,7,14.0,16.0,1,1,0.6037476062774658
LA_D_6520984,Datasetasv19\LA\LA\ASVspoof2019_LA_dev\flac\LA_D_6520984.flac,0,0.0,2.0,0,0,0.07576386630535126
LA_D_6520984,Datasetasv19\LA\LA\ASVspoof2019_LA_dev\flac\LA_D_6520984.flac,1,2.0,4.0,0,0,0.05955154448747635
LA_D_6520984,Datasetasv19\LA\LA\ASVspoof2019_LA_dev\flac\LA_D_6520984.flac,2,4.0,6.0,0,0,0.03356068208813667
LA_D_6520984,Datasetasv19\LA\LA\ASVspoof2019_LA_dev\flac\LA_D_6520984.flac,3,6.0,8.0,0,0,0.038065358996391296
LA_D_6520984,Datasetasv19\LA\LA\ASVspoof2019_LA_dev\flac\LA_D_6520984.flac,4,8.0,10.0,0,0,0.03599316254258156
LA_D_6520984,Datasetasv19\LA\LA\ASVspoof2019_LA_dev\flac\LA_D_6520984.flac,5,10.0,12.0,0,0,0.03504936024546623
LA_D_6520984,Datasetasv19\LA\LA\ASVspoof2019_LA_dev\flac\LA_D_6520984.flac,6,12.0,14.0,0,0,0.039771437644958496
LA_D_6520984,Datasetasv19\LA\LA\ASVspoof2019_LA_dev\flac\LA_D_6520984.flac,7,14.0,16.0,0,0,0.04686255380511284
